gene	contig_id	gene_id	gene_description	category	header	subheader	module	auxiliary_score	amg_flags	max_score	max_score_group	length	hallmark	viral	cellular	contig_length	provirus	proviral_length	gene_count	viral_genes	host_genes	checkv_quality	miuvig_quality	completeness	completeness_method	contamination	kmer_freq	warnings
Contig100412797||full_26	Contig100412797||full	NA	NA	NA	NA	NA	NA	1	MK	1	dsDNAphage	55794	7	36.8	2.1	55794	No	NA	95	20	1	High-quality	High-quality	100	AAI-based (medium-confidence)	0	1	NA
Contig101385235||full_63	Contig101385235||full	NA	NA	NA	NA	NA	NA	2	MK	0.993	dsDNAphage	61447	1	18	1.1	61447	No	NA	89	7	0	High-quality	High-quality	97.34	AAI-based (high-confidence)	0	1	NA
Contig102353810||full_23	Contig102353810||full	NA	NA	NA	NA	NA	NA	2	MK	1	dsDNAphage	39476	13	42.4	0	39476	No	NA	66	19	0	High-quality	High-quality	100	AAI-based (medium-confidence)	0	1	NA
Contig102651470||full_62	Contig102651470||full	K00943	dTMP kinase [EC:2.7.4.9] [RN:R02094]	MISC	Information systems	Nucleotide	Pyrimidine deoxyribonuleotide biosynthesis, CDP/CTP => dCDP/dCTP,dTDP/dTTP	3	MT	0.92	dsDNAphage	69270	0	14.5	5.3	69270	No	NA	131	2	11	High-quality	High-quality	100	HMM-based (lower-bound)	0	1	NA
Contig103312358||full_47	Contig103312358||full	NA	NA	NA	NA	NA	NA	1	MK	1	dsDNAphage	48149	9	37.3	0	48149	No	NA	67	14	0	High-quality	High-quality	100	AAI-based (high-confidence)	0	1	NA
Contig103393311||full_25	Contig103393311||full	NA	NA	NA	NA	NA	NA	2	MK	1	dsDNAphage	66564	9	39	0	66564	No	NA	101	29	0	Complete	High-quality	100	DTR (high-confidence)	0	1	NA
Contig104058907||full_39	Contig104058907||full	NA	NA	NA	NA	NA	NA	1	MK	0.987	dsDNAphage	69779	5	23	1.6	69779	No	NA	126	14	1	High-quality	High-quality	91.74	HMM-based (lower-bound)	0	1	NA
Contig104058907||full_73	Contig104058907||full	NA	NA	NA	NA	NA	NA	2	MK	0.987	dsDNAphage	69779	5	23	1.6	69779	No	NA	126	14	1	High-quality	High-quality	91.74	HMM-based (lower-bound)	0	1	NA
Contig104763881||full_51	Contig104763881||full	NA	NA	NA	NA	NA	NA	2	MK	0.98	dsDNAphage	58313	7	49.3	8	58313	Yes	37365	75	19	16	High-quality	High-quality	90.97	AAI-based (medium-confidence)	35.92	1	NA
Contig112467793||full_7	Contig112467793||full	K00943	dTMP kinase [EC:2.7.4.9] [RN:R02094]	MISC	Information systems	Nucleotide	Pyrimidine deoxyribonuleotide biosynthesis, CDP/CTP => dCDP/dCTP,dTDP/dTTP	1	MF	1	dsDNAphage	156241	10	30.1	0.9	156241	No	NA	227	33	3	High-quality	High-quality	96.73	AAI-based (medium-confidence)	0	1	NA
Contig112467793||full_87	Contig112467793||full	NA	NA	NA	NA	NA	NA	1	MK	1	dsDNAphage	156241	10	30.1	0.9	156241	No	NA	227	33	3	High-quality	High-quality	96.73	AAI-based (medium-confidence)	0	1	NA
Contig112467793||full_112	Contig112467793||full	K01520	dUTP pyrophosphatase [EC:3.6.1.23] [RN:R02100]	MISC	Information systems	Nucleotide	Pyrimidine deoxyribonuleotide biosynthesis, CDP/CTP => dCDP/dCTP,dTDP/dTTP	1	M	1	dsDNAphage	156241	10	30.1	0.9	156241	No	NA	227	33	3	High-quality	High-quality	96.73	AAI-based (medium-confidence)	0	1	NA
Contig112467793||full_136	Contig112467793||full	NA	NA	NA	NA	NA	NA	1	MK	1	dsDNAphage	156241	10	30.1	0.9	156241	No	NA	227	33	3	High-quality	High-quality	96.73	AAI-based (medium-confidence)	0	1	NA
Contig112467793||full_188	Contig112467793||full	NA	NA	NA	NA	NA	NA	1	MK	1	dsDNAphage	156241	10	30.1	0.9	156241	No	NA	227	33	3	High-quality	High-quality	96.73	AAI-based (medium-confidence)	0	1	NA
Contig112549460||full_43	Contig112549460||full	NA	NA	NA	NA	NA	NA	1	MK	0.993	dsDNAphage	42945	5	38.8	1.5	42945	No	NA	68	14	0	High-quality	High-quality	99.75	AAI-based (medium-confidence)	0	1	NA
Contig112642024||full_67	Contig112642024||full	K00943	dTMP kinase [EC:2.7.4.9] [RN:R02094]	MISC	Information systems	Nucleotide	Pyrimidine deoxyribonuleotide biosynthesis, CDP/CTP => dCDP/dCTP,dTDP/dTTP	1	M	1	dsDNAphage	120937	11	28	3	120937	No	NA	169	27	5	High-quality	High-quality	100	AAI-based (medium-confidence)	0	1	NA
Contig112642024||full_68	Contig112642024||full	K01494	dCTP deaminase [EC:3.5.4.13] [RN:R02325]	MISC	Information systems	Nucleotide	Pyrimidine deoxyribonuleotide biosynthesis, CDP/CTP => dCDP/dCTP,dTDP/dTTP	1	M	1	dsDNAphage	120937	11	28	3	120937	No	NA	169	27	5	High-quality	High-quality	100	AAI-based (medium-confidence)	0	1	NA
Contig112642024||full_137	Contig112642024||full	K09882	cobS; cobaltochelatase CobS [EC:6.6.1.2]	MISC	aerobic corrin ring synthesis	NA	Cobalamin biosynthesis, precorrin2 => cobinamide	2	M	1	dsDNAphage	120937	11	28	3	120937	No	NA	169	27	5	High-quality	High-quality	100	AAI-based (medium-confidence)	0	1	NA
Contig112642024||full_139	Contig112642024||full	K09883	cobT; cobaltochelatase CobT [EC:6.6.1.2]	MISC	aerobic corrin ring synthesis	NA	Cobalamin biosynthesis, precorrin2 => cobinamide	2	MK	1	dsDNAphage	120937	11	28	3	120937	No	NA	169	27	5	High-quality	High-quality	100	AAI-based (medium-confidence)	0	1	NA
Contig115671543||full_7	Contig115671543||full	NA	NA	NA	NA	NA	NA	2	MK	1	dsDNAphage	90331	3	25.9	3.1	90331	No	NA	159	22	1	High-quality	High-quality	100	AAI-based (medium-confidence)	0	1	NA
Contig116945720||full_78	Contig116945720||full	NA	NA	NA	NA	NA	NA	2	MK	1	dsDNAphage	104948	5	29.2	1.4	104948	No	NA	144	18	3	High-quality	High-quality	98	AAI-based (medium-confidence)	0	1	NA
Contig116945720||full_114	Contig116945720||full	NA	NA	NA	NA	NA	NA	2	MK	1	dsDNAphage	104948	5	29.2	1.4	104948	No	NA	144	18	3	High-quality	High-quality	98	AAI-based (medium-confidence)	0	1	NA
Contig116945720||full_121	Contig116945720||full	NA	NA	NA	NA	NA	NA	2	MK	1	dsDNAphage	104948	5	29.2	1.4	104948	No	NA	144	18	3	High-quality	High-quality	98	AAI-based (medium-confidence)	0	1	NA
Contig117273256||full_4	Contig117273256||full	NA	NA	NA	NA	NA	NA	2	MK	0.98	dsDNAphage	44357	6	28.9	2.6	44357	No	NA	76	12	0	High-quality	High-quality	96.57	AAI-based (medium-confidence)	0	1	NA
Contig117462305||full_117	Contig117462305||full	NA	NA	NA	NA	NA	NA	2	MK	1	dsDNAphage	91059	9	38.1	2.2	91059	No	NA	140	26	8	Complete	High-quality	100	DTR (high-confidence)	0	1	NA
Contig117463258||full_40	Contig117463258||full	NA	NA	NA	NA	NA	NA	2	MK	0.947	dsDNAphage	48007	2	10.3	5.9	48007	No	NA	68	2	1	High-quality	High-quality	98.63	AAI-based (medium-confidence)	0	1	NA
Contig118309958||full_44	Contig118309958||full	GT2	GT2 cellulose synthase (EC 2.4.1.12); chitin synthase (EC 2.4.1.16); dolichyl-phosphate beta-D-mannosyltransferase (EC 2.4.1.83); dolichyl-phosphate beta-glucosyltransferase (EC 2.4.1.117); N-acetylglucosaminyltransferase (EC 2.4.1.-); N-acetylgalactosaminyltransferase (EC 2.4.1.-); hyaluronan synthase (EC 2.4.1.212); chitin oligosaccharide synthase (EC 2.4.1.-); beta-1,3-glucan synthase (EC 2.4.1.34); beta-1,4-mannan synthase (EC 2.4.1.-); beta-mannosylphosphodecaprenol-mannooligosaccharide alpha-1,6-mannosyltransferase (EC 2.4.1.199); UDP-Galf: rhamnopyranosyl-N-acetylglucosaminyl-PP-decaprenol beta-1,4/1,5-galactofuranosyltransferase (EC 2.4.1.287); UDP-Galf: galactofuranosyl-galactofuranosyl-rhamnosyl-N-acetylglucosaminyl-PP-decaprenol beta-1,5/1,6-galactofuranosyltransferase (EC 2.4.1.288); dTDP-L-Rha: N-acetylglucosaminyl-PP-decaprenol alpha-1,3-L-rhamnosyltransferase (EC 2.4.1.289)	carbon utilization	CAZY	NA	GlycosylTransferases	1	MT	0.987	dsDNAphage	61404	10	34.2	7.2	61404	No	NA	111	20	5	High-quality	High-quality	100	AAI-based (medium-confidence)	0	1	NA
Contig121394450||full_59	Contig121394450||full	NA	NA	NA	NA	NA	NA	1	MK	1	dsDNAphage	61657	5	40.2	0	61657	No	NA	87	16	0	High-quality	High-quality	100	AAI-based (medium-confidence)	0	1	NA
Contig121505797||full_4	Contig121505797||full	K00558	DNA (cytosine-5-)-methyltransferase [EC:2.1.1.37] [RN:R04858]	Organic Nitrogen	Amino Acid	NA	Methionine degradation	2	MF	0.993	dsDNAphage	62390	8	41.5	0	62390	No	NA	94	14	0	High-quality	High-quality	100	AAI-based (medium-confidence)	0	1	NA
Contig122963533||full_63	Contig122963533||full	NA	NA	NA	NA	NA	NA	1	MK	1	dsDNAphage	164668	15	31.5	0	164668	No	NA	216	30	3	High-quality	High-quality	96.89	HMM-based (lower-bound)	0	1	NA
Contig122963533||full_161	Contig122963533||full	K01494	dCTP deaminase [EC:3.5.4.13] [RN:R02325]	MISC	Information systems	Nucleotide	Pyrimidine deoxyribonuleotide biosynthesis, CDP/CTP => dCDP/dCTP,dTDP/dTTP	1	M	1	dsDNAphage	164668	15	31.5	0	164668	No	NA	216	30	3	High-quality	High-quality	96.89	HMM-based (lower-bound)	0	1	NA
Contig123250987||full_4	Contig123250987||full	NA	NA	NA	NA	NA	NA	2	MKF	1	dsDNAphage	260902	11	30.1	1.1	260902	No	NA	359	34	14	Complete	High-quality	100	DTR (medium-confidence)	0	1	NA
Contig123250987||full_33	Contig123250987||full	K00762	orotate phosphoribosyltransferase [EC:2.4.2.10] [RN:R01870]	MISC	Information systems	Nucleotide	Uridine monophosphate biosynthesis, glutamine (+ PRPP) => UMP	2	MK	1	dsDNAphage	260902	11	30.1	1.1	260902	No	NA	359	34	14	Complete	High-quality	100	DTR (medium-confidence)	0	1	NA
Contig123250987||full_40	Contig123250987||full	K01520	dUTP pyrophosphatase [EC:3.6.1.23] [RN:R02100]	MISC	Information systems	Nucleotide	Pyrimidine deoxyribonuleotide biosynthesis, CDP/CTP => dCDP/dCTP,dTDP/dTTP	2	M	1	dsDNAphage	260902	11	30.1	1.1	260902	No	NA	359	34	14	Complete	High-quality	100	DTR (medium-confidence)	0	1	NA
Contig123250987||full_102	Contig123250987||full	K01939	adenylosuccinate synthase [EC:6.3.4.4] [RN:R01135]	MISC	Information systems	Nucleotide	Adenine ribonucleotide biosynthesis, IMP => ADP,ATP	1	M	1	dsDNAphage	260902	11	30.1	1.1	260902	No	NA	359	34	14	Complete	High-quality	100	DTR (medium-confidence)	0	1	NA
Contig123250987||full_236	Contig123250987||full	K00943	dTMP kinase [EC:2.7.4.9] [RN:R02094]	MISC	Information systems	Nucleotide	Pyrimidine deoxyribonuleotide biosynthesis, CDP/CTP => dCDP/dCTP,dTDP/dTTP	1	M	1	dsDNAphage	260902	11	30.1	1.1	260902	No	NA	359	34	14	Complete	High-quality	100	DTR (medium-confidence)	0	1	NA
Contig123250987||full_246	Contig123250987||full	NA	NA	NA	NA	NA	NA	1	MK	1	dsDNAphage	260902	11	30.1	1.1	260902	No	NA	359	34	14	Complete	High-quality	100	DTR (medium-confidence)	0	1	NA
Contig123250987||full_250	Contig123250987||full	K01494	dCTP deaminase [EC:3.5.4.13] [RN:R02325]	MISC	Information systems	Nucleotide	Pyrimidine deoxyribonuleotide biosynthesis, CDP/CTP => dCDP/dCTP,dTDP/dTTP	1	M	1	dsDNAphage	260902	11	30.1	1.1	260902	No	NA	359	34	14	Complete	High-quality	100	DTR (medium-confidence)	0	1	NA
Contig123250987||full_251	Contig123250987||full	NA	NA	NA	NA	NA	NA	1	MK	1	dsDNAphage	260902	11	30.1	1.1	260902	No	NA	359	34	14	Complete	High-quality	100	DTR (medium-confidence)	0	1	NA
Contig123250987||full_338	Contig123250987||full	NA	NA	NA	NA	NA	NA	2	MK	1	dsDNAphage	260902	11	30.1	1.1	260902	No	NA	359	34	14	Complete	High-quality	100	DTR (medium-confidence)	0	1	NA
Contig125776507||full_23	Contig125776507||full	NA	NA	NA	NA	NA	NA	2	MK	0.98	dsDNAphage	78393	3	21.9	2.1	78393	No	NA	96	8	4	High-quality	High-quality	100	AAI-based (high-confidence)	0	1	NA
Contig125776507||full_32	Contig125776507||full	NA	NA	NA	NA	NA	NA	2	MK	0.98	dsDNAphage	78393	3	21.9	2.1	78393	No	NA	96	8	4	High-quality	High-quality	100	AAI-based (high-confidence)	0	1	NA
Contig125854478||full_28	Contig125854478||full	NA	NA	NA	NA	NA	NA	2	MK	0.933	dsDNAphage	113992	4	16.1	4.8	113992	No	NA	168	12	7	High-quality	High-quality	92.68	HMM-based (lower-bound)	0	1	NA
Contig125854478||full_33	Contig125854478||full	NA	NA	NA	NA	NA	NA	2	MK	0.933	dsDNAphage	113992	4	16.1	4.8	113992	No	NA	168	12	7	High-quality	High-quality	92.68	HMM-based (lower-bound)	0	1	NA
Contig125854478||full_58	Contig125854478||full	NA	NA	NA	NA	NA	NA	2	MK	0.933	dsDNAphage	113992	4	16.1	4.8	113992	No	NA	168	12	7	High-quality	High-quality	92.68	HMM-based (lower-bound)	0	1	NA
Contig125854478||full_148	Contig125854478||full	K03464	muconolactone D-isomerase [EC:5.3.3.4] [RN:R06990]	carbon utilization	hydrocarbon degradation	NA	Catechol ortho-cleavage, catechol => 3-oxoadipate	2	M	0.933	dsDNAphage	113992	4	16.1	4.8	113992	No	NA	168	12	7	High-quality	High-quality	92.68	HMM-based (lower-bound)	0	1	NA
Contig126378795||full_156	Contig126378795||full	NA	NA	NA	NA	NA	NA	2	MK	0.993	dsDNAphage	115273	3	29.8	3	115273	Yes	104458	168	18	8	High-quality	High-quality	97.57	AAI-based (medium-confidence)	9.38	1	NA
Contig126378795||full_167	Contig126378795||full	NA	NA	NA	NA	NA	NA	2	MKF	0.993	dsDNAphage	115273	3	29.8	3	115273	Yes	104458	168	18	8	High-quality	High-quality	97.57	AAI-based (medium-confidence)	9.38	1	NA
Contig131552658||full_67	Contig131552658||full	NA	NA	NA	NA	NA	NA	2	MK	0.98	dsDNAphage	62364	6	20.6	1.9	62364	No	NA	107	11	1	High-quality	High-quality	100	AAI-based (medium-confidence)	0	1	NA
Contig132645044||full_43	Contig132645044||full	NA	NA	NA	NA	NA	NA	2	MK	0.967	dsDNAphage	46459	1	36.2	0	46459	No	NA	59	6	0	High-quality	High-quality	99.82	AAI-based (medium-confidence)	0	1	NA
Contig133027361||full_41	Contig133027361||full	NA	NA	NA	NA	NA	NA	2	MK	1	dsDNAphage	41378	7	36.4	7.6	41378	No	NA	67	15	5	High-quality	High-quality	100	AAI-based (medium-confidence)	0	1	NA
Contig133027361||full_43	Contig133027361||full	NA	NA	NA	NA	NA	NA	2	MK	1	dsDNAphage	41378	7	36.4	7.6	41378	No	NA	67	15	5	High-quality	High-quality	100	AAI-based (medium-confidence)	0	1	NA
Contig133367609||full_89	Contig133367609||full	K02970	small subunit ribosomal protein S21	MISC	Information systems	NA	Ribosome, bacteria	1	M	0.98	dsDNAphage	437779	10	24.2	5.1	437779	No	NA	583	43	41	High-quality	High-quality	94.42	HMM-based (lower-bound)	0	1	NA
Contig133367609||full_103	Contig133367609||full	NA	NA	NA	NA	NA	NA	1	MK	0.98	dsDNAphage	437779	10	24.2	5.1	437779	No	NA	583	43	41	High-quality	High-quality	94.42	HMM-based (lower-bound)	0	1	NA
Contig133367609||full_108	Contig133367609||full	NA	NA	NA	NA	NA	NA	1	MK	0.98	dsDNAphage	437779	10	24.2	5.1	437779	No	NA	583	43	41	High-quality	High-quality	94.42	HMM-based (lower-bound)	0	1	NA
Contig133367609||full_144	Contig133367609||full	NA	NA	NA	NA	NA	NA	1	MK	0.98	dsDNAphage	437779	10	24.2	5.1	437779	No	NA	583	43	41	High-quality	High-quality	94.42	HMM-based (lower-bound)	0	1	NA
Contig133367609||full_198	Contig133367609||full	S51	Catlytic type: Serine; hydrolyses Asp-Xaa dipeptides in which Xaa is not Glu, Asn or Gln; nutritional function in bacteria	Organic Nitrogen	Peptidase	NA	Exopeptidases that hydrolyse alpha-aspartyl bonds	1	M	0.98	dsDNAphage	437779	10	24.2	5.1	437779	No	NA	583	43	41	High-quality	High-quality	94.42	HMM-based (lower-bound)	0	1	NA
Contig133367609||full_230	Contig133367609||full	K01885	glutamyl-tRNA synthetase [EC:6.1.1.17] [RN:R05578]	MISC	Antibiotic Resistance	NA	Siroheme biosynthesis, glutamate => siroheme	1	MK	0.98	dsDNAphage	437779	10	24.2	5.1	437779	No	NA	583	43	41	High-quality	High-quality	94.42	HMM-based (lower-bound)	0	1	NA
Contig133367609||full_230	Contig133367609||full	K01885	EARS; glutamyl-tRNA synthetase [EC:6.1.1.17]	MISC	Information systems	NA	Aminoacyl-tRNA biosynthesis, eukaryotes	1	MK	0.98	dsDNAphage	437779	10	24.2	5.1	437779	No	NA	583	43	41	High-quality	High-quality	94.42	HMM-based (lower-bound)	0	1	NA
Contig133367609||full_245	Contig133367609||full	NA	NA	NA	NA	NA	NA	1	MK	0.98	dsDNAphage	437779	10	24.2	5.1	437779	No	NA	583	43	41	High-quality	High-quality	94.42	HMM-based (lower-bound)	0	1	NA
Contig133367609||full_365	Contig133367609||full	NA	NA	NA	NA	NA	NA	1	MK	0.98	dsDNAphage	437779	10	24.2	5.1	437779	No	NA	583	43	41	High-quality	High-quality	94.42	HMM-based (lower-bound)	0	1	NA
Contig133367609||full_378	Contig133367609||full	NA	NA	NA	NA	NA	NA	1	MK	0.98	dsDNAphage	437779	10	24.2	5.1	437779	No	NA	583	43	41	High-quality	High-quality	94.42	HMM-based (lower-bound)	0	1	NA
Contig133367609||full_471	Contig133367609||full	K01520	dUTP pyrophosphatase [EC:3.6.1.23] [RN:R02100]	MISC	Information systems	Nucleotide	Pyrimidine deoxyribonuleotide biosynthesis, CDP/CTP => dCDP/dCTP,dTDP/dTTP	1	M	0.98	dsDNAphage	437779	10	24.2	5.1	437779	No	NA	583	43	41	High-quality	High-quality	94.42	HMM-based (lower-bound)	0	1	NA
Contig133367609||full_478	Contig133367609||full	K00088	IMP dehydrogenase [EC:1.1.1.205] [RN:R01130]	MISC	Information systems	Nucleotide	Guanine ribonucleotide biosynthesis IMP => GDP,GTP	1	M	0.98	dsDNAphage	437779	10	24.2	5.1	437779	No	NA	583	43	41	High-quality	High-quality	94.42	HMM-based (lower-bound)	0	1	NA
Contig133367609||full_493	Contig133367609||full	M24A	Catlytic type: Metallo; cleave the Met-Xaa (where Xaa is any amino acid) bond in the removal of the initiating N-terminal methionine from newly synthesized proteins; essential for the removal of the initiating methionine of many proteins, acting co-translationally in association with the ribosomes	Organic Nitrogen	Peptidase	NA	Exopeptidases that require co-catalytic ions of cobalt or manganese	1	M	0.98	dsDNAphage	437779	10	24.2	5.1	437779	No	NA	583	43	41	High-quality	High-quality	94.42	HMM-based (lower-bound)	0	1	NA
Contig133367609||full_499	Contig133367609||full	NA	NA	NA	NA	NA	NA	1	MK	0.98	dsDNAphage	437779	10	24.2	5.1	437779	No	NA	583	43	41	High-quality	High-quality	94.42	HMM-based (lower-bound)	0	1	NA
Contig133367609||full_528	Contig133367609||full	NA	NA	NA	NA	NA	NA	1	MK	0.98	dsDNAphage	437779	10	24.2	5.1	437779	No	NA	583	43	41	High-quality	High-quality	94.42	HMM-based (lower-bound)	0	1	NA
Contig133367609||full_531	Contig133367609||full	GT2	GT2 cellulose synthase (EC 2.4.1.12); chitin synthase (EC 2.4.1.16); dolichyl-phosphate beta-D-mannosyltransferase (EC 2.4.1.83); dolichyl-phosphate beta-glucosyltransferase (EC 2.4.1.117); N-acetylglucosaminyltransferase (EC 2.4.1.-); N-acetylgalactosaminyltransferase (EC 2.4.1.-); hyaluronan synthase (EC 2.4.1.212); chitin oligosaccharide synthase (EC 2.4.1.-); beta-1,3-glucan synthase (EC 2.4.1.34); beta-1,4-mannan synthase (EC 2.4.1.-); beta-mannosylphosphodecaprenol-mannooligosaccharide alpha-1,6-mannosyltransferase (EC 2.4.1.199); UDP-Galf: rhamnopyranosyl-N-acetylglucosaminyl-PP-decaprenol beta-1,4/1,5-galactofuranosyltransferase (EC 2.4.1.287); UDP-Galf: galactofuranosyl-galactofuranosyl-rhamnosyl-N-acetylglucosaminyl-PP-decaprenol beta-1,5/1,6-galactofuranosyltransferase (EC 2.4.1.288); dTDP-L-Rha: N-acetylglucosaminyl-PP-decaprenol alpha-1,3-L-rhamnosyltransferase (EC 2.4.1.289)	carbon utilization	CAZY	NA	GlycosylTransferases	1	M	0.98	dsDNAphage	437779	10	24.2	5.1	437779	No	NA	583	43	41	High-quality	High-quality	94.42	HMM-based (lower-bound)	0	1	NA
Contig133367609||full_532	Contig133367609||full	NA	NA	NA	NA	NA	NA	1	MK	0.98	dsDNAphage	437779	10	24.2	5.1	437779	No	NA	583	43	41	High-quality	High-quality	94.42	HMM-based (lower-bound)	0	1	NA
Contig133367609||full_579	Contig133367609||full	NA	NA	NA	NA	NA	NA	1	MK	0.98	dsDNAphage	437779	10	24.2	5.1	437779	No	NA	583	43	41	High-quality	High-quality	94.42	HMM-based (lower-bound)	0	1	NA
Contig134429416||full_20	Contig134429416||full	K00558	DNA (cytosine-5-)-methyltransferase [EC:2.1.1.37] [RN:R04858]	Organic Nitrogen	Amino Acid	NA	Methionine degradation	1	M	1	dsDNAphage	52589	14	45.1	1.1	52589	No	NA	91	28	1	High-quality	High-quality	100	AAI-based (medium-confidence)	0	1	NA
Contig136620972||full_54	Contig136620972||full	K01520	dUTP pyrophosphatase [EC:3.6.1.23] [RN:R02100]	MISC	Information systems	Nucleotide	Pyrimidine deoxyribonuleotide biosynthesis, CDP/CTP => dCDP/dCTP,dTDP/dTTP	2	M	0.993	dsDNAphage	169624	10	29.5	0.8	169624	No	NA	238	27	5	High-quality	High-quality	100	AAI-based (medium-confidence)	0	1	NA
Contig136620972||full_112	Contig136620972||full	K00088	IMP dehydrogenase [EC:1.1.1.205] [RN:R01130]	MISC	Information systems	Nucleotide	Guanine ribonucleotide biosynthesis IMP => GDP,GTP	1	MK	0.993	dsDNAphage	169624	10	29.5	0.8	169624	No	NA	238	27	5	High-quality	High-quality	100	AAI-based (medium-confidence)	0	1	NA
Contig136620972||full_189	Contig136620972||full	NA	NA	NA	NA	NA	NA	2	MK	0.993	dsDNAphage	169624	10	29.5	0.8	169624	No	NA	238	27	5	High-quality	High-quality	100	AAI-based (medium-confidence)	0	1	NA
Contig136669853||full_71	Contig136669853||full	NA	NA	NA	NA	NA	NA	1	MKT	0.987	dsDNAphage	172215	10	29.9	1.2	172215	No	NA	244	38	7	High-quality	High-quality	100	AAI-based (medium-confidence)	0	1	NA
Contig136669853||full_82	Contig136669853||full	NA	NA	NA	NA	NA	NA	1	MKET	0.987	dsDNAphage	172215	10	29.9	1.2	172215	No	NA	244	38	7	High-quality	High-quality	100	AAI-based (medium-confidence)	0	1	NA
Contig137760289||full_42	Contig137760289||full	NA	NA	NA	NA	NA	NA	2	MKT	1	dsDNAphage	92048	3	28.7	1.7	92048	No	NA	115	15	3	High-quality	High-quality	100	AAI-based (medium-confidence)	0	1	NA
Contig138168906||full_38	Contig138168906||full	NA	NA	NA	NA	NA	NA	2	MKE	1	dsDNAphage	47871	5	47.6	1.6	47871	No	NA	63	25	0	High-quality	High-quality	99.34	AAI-based (medium-confidence)	0	1	NA
Contig138168906||full_51	Contig138168906||full	NA	NA	NA	NA	NA	NA	1	MK	1	dsDNAphage	47871	5	47.6	1.6	47871	No	NA	63	25	0	High-quality	High-quality	99.34	AAI-based (medium-confidence)	0	1	NA
Contig138363403||full_91	Contig138363403||full	NA	NA	NA	NA	NA	NA	1	MK	0.993	dsDNAphage	90902	3	26.3	2.5	90902	No	NA	156	22	1	High-quality	High-quality	100	AAI-based (medium-confidence)	0	1	NA
Contig138363403||full_94	Contig138363403||full	NA	NA	NA	NA	NA	NA	1	MK	0.993	dsDNAphage	90902	3	26.3	2.5	90902	No	NA	156	22	1	High-quality	High-quality	100	AAI-based (medium-confidence)	0	1	NA
Contig139899753||full_310	Contig139899753||full	K01520	dUTP pyrophosphatase [EC:3.6.1.23] [RN:R02100]	MISC	Information systems	Nucleotide	Pyrimidine deoxyribonuleotide biosynthesis, CDP/CTP => dCDP/dCTP,dTDP/dTTP	1	MT	0.953	dsDNAphage	494746	8	17.4	3.3	494746	No	NA	801	59	41	High-quality	High-quality	98.79	HMM-based (lower-bound)	0	1	NA
Contig139899753||full_316	Contig139899753||full	K00088	IMP dehydrogenase [EC:1.1.1.205] [RN:R01130]	MISC	Information systems	Nucleotide	Guanine ribonucleotide biosynthesis IMP => GDP,GTP	1	MT	0.953	dsDNAphage	494746	8	17.4	3.3	494746	No	NA	801	59	41	High-quality	High-quality	98.79	HMM-based (lower-bound)	0	1	NA
Contig139899753||full_335	Contig139899753||full	M24A	Catlytic type: Metallo; cleave the Met-Xaa (where Xaa is any amino acid) bond in the removal of the initiating N-terminal methionine from newly synthesized proteins; essential for the removal of the initiating methionine of many proteins, acting co-translationally in association with the ribosomes	Organic Nitrogen	Peptidase	NA	Exopeptidases that require co-catalytic ions of cobalt or manganese	1	MT	0.953	dsDNAphage	494746	8	17.4	3.3	494746	No	NA	801	59	41	High-quality	High-quality	98.79	HMM-based (lower-bound)	0	1	NA
Contig139899753||full_338	Contig139899753||full	NA	NA	NA	NA	NA	NA	1	MKT	0.953	dsDNAphage	494746	8	17.4	3.3	494746	No	NA	801	59	41	High-quality	High-quality	98.79	HMM-based (lower-bound)	0	1	NA
Contig139899753||full_355	Contig139899753||full	NA	NA	NA	NA	NA	NA	1	MKT	0.953	dsDNAphage	494746	8	17.4	3.3	494746	No	NA	801	59	41	High-quality	High-quality	98.79	HMM-based (lower-bound)	0	1	NA
Contig139899753||full_395	Contig139899753||full	NA	NA	NA	NA	NA	NA	1	MKT	0.953	dsDNAphage	494746	8	17.4	3.3	494746	No	NA	801	59	41	High-quality	High-quality	98.79	HMM-based (lower-bound)	0	1	NA
Contig139899753||full_404	Contig139899753||full	NA	NA	NA	NA	NA	NA	1	MKT	0.953	dsDNAphage	494746	8	17.4	3.3	494746	No	NA	801	59	41	High-quality	High-quality	98.79	HMM-based (lower-bound)	0	1	NA
Contig139899753||full_487	Contig139899753||full	K02970	small subunit ribosomal protein S21	MISC	Information systems	NA	Ribosome, bacteria	1	MT	0.953	dsDNAphage	494746	8	17.4	3.3	494746	No	NA	801	59	41	High-quality	High-quality	98.79	HMM-based (lower-bound)	0	1	NA
Contig139899753||full_512	Contig139899753||full	NA	NA	NA	NA	NA	NA	1	MKT	0.953	dsDNAphage	494746	8	17.4	3.3	494746	No	NA	801	59	41	High-quality	High-quality	98.79	HMM-based (lower-bound)	0	1	NA
Contig139899753||full_529	Contig139899753||full	NA	NA	NA	NA	NA	NA	1	MKT	0.953	dsDNAphage	494746	8	17.4	3.3	494746	No	NA	801	59	41	High-quality	High-quality	98.79	HMM-based (lower-bound)	0	1	NA
Contig139899753||full_536	Contig139899753||full	NA	NA	NA	NA	NA	NA	1	MKT	0.953	dsDNAphage	494746	8	17.4	3.3	494746	No	NA	801	59	41	High-quality	High-quality	98.79	HMM-based (lower-bound)	0	1	NA
Contig139899753||full_648	Contig139899753||full	S51	Catlytic type: Serine; hydrolyses Asp-Xaa dipeptides in which Xaa is not Glu, Asn or Gln; nutritional function in bacteria	Organic Nitrogen	Peptidase	NA	Exopeptidases that hydrolyse alpha-aspartyl bonds	1	MT	0.953	dsDNAphage	494746	8	17.4	3.3	494746	No	NA	801	59	41	High-quality	High-quality	98.79	HMM-based (lower-bound)	0	1	NA
Contig139899753||full_664	Contig139899753||full	NA	NA	NA	NA	NA	NA	1	MKT	0.953	dsDNAphage	494746	8	17.4	3.3	494746	No	NA	801	59	41	High-quality	High-quality	98.79	HMM-based (lower-bound)	0	1	NA
Contig139899753||full_763	Contig139899753||full	K01885	glutamyl-tRNA synthetase [EC:6.1.1.17] [RN:R05578]	MISC	Antibiotic Resistance	NA	Siroheme biosynthesis, glutamate => siroheme	2	MKT	0.953	dsDNAphage	494746	8	17.4	3.3	494746	No	NA	801	59	41	High-quality	High-quality	98.79	HMM-based (lower-bound)	0	1	NA
Contig139899753||full_763	Contig139899753||full	K01885	EARS; glutamyl-tRNA synthetase [EC:6.1.1.17]	MISC	Information systems	NA	Aminoacyl-tRNA biosynthesis, eukaryotes	2	MKT	0.953	dsDNAphage	494746	8	17.4	3.3	494746	No	NA	801	59	41	High-quality	High-quality	98.79	HMM-based (lower-bound)	0	1	NA
Contig139899753||full_768	Contig139899753||full	NA	NA	NA	NA	NA	NA	2	MKT	0.953	dsDNAphage	494746	8	17.4	3.3	494746	No	NA	801	59	41	High-quality	High-quality	98.79	HMM-based (lower-bound)	0	1	NA
Contig14147263||full_14	Contig14147263||full	K01520	dUTP pyrophosphatase [EC:3.6.1.23] [RN:R02100]	MISC	Information systems	Nucleotide	Pyrimidine deoxyribonuleotide biosynthesis, CDP/CTP => dCDP/dCTP,dTDP/dTTP	2	M	0.993	dsDNAphage	43276	9	39.4	1.5	43276	No	NA	66	22	1	High-quality	High-quality	96.53	AAI-based (medium-confidence)	0	1	NA
Contig142298510||full_26	Contig142298510||full	K00558	DNA (cytosine-5-)-methyltransferase [EC:2.1.1.37] [RN:R04858]	Organic Nitrogen	Amino Acid	NA	Methionine degradation	1	M	0.987	dsDNAphage	43413	2	25.3	6.7	43413	No	NA	75	6	2	High-quality	High-quality	100	AAI-based (high-confidence)	0	1	NA
Contig142746813||full_57	Contig142746813||full	NA	NA	NA	NA	NA	NA	2	MKF	1	dsDNAphage	37208	5	27.9	0	37208	No	NA	62	11	1	High-quality	High-quality	96.6	AAI-based (high-confidence)	0	1	NA
Contig142949947||full_284	Contig142949947||full	K01520	dUTP pyrophosphatase [EC:3.6.1.23] [RN:R02100]	MISC	Information systems	Nucleotide	Pyrimidine deoxyribonuleotide biosynthesis, CDP/CTP => dCDP/dCTP,dTDP/dTTP	1	MT	0.967	dsDNAphage	294187	12	20.7	2.6	294187	No	NA	503	50	10	High-quality	High-quality	97.12	HMM-based (lower-bound)	0	1	NA
Contig142949947||full_288	Contig142949947||full	NA	NA	NA	NA	NA	NA	1	MKT	0.967	dsDNAphage	294187	12	20.7	2.6	294187	No	NA	503	50	10	High-quality	High-quality	97.12	HMM-based (lower-bound)	0	1	NA
Contig142949947||full_451	Contig142949947||full	K01494	dCTP deaminase [EC:3.5.4.13] [RN:R02325]	MISC	Information systems	Nucleotide	Pyrimidine deoxyribonuleotide biosynthesis, CDP/CTP => dCDP/dCTP,dTDP/dTTP	2	MT	0.967	dsDNAphage	294187	12	20.7	2.6	294187	No	NA	503	50	10	High-quality	High-quality	97.12	HMM-based (lower-bound)	0	1	NA
Contig142949947||full_456	Contig142949947||full	K00943	dTMP kinase [EC:2.7.4.9] [RN:R02094]	MISC	Information systems	Nucleotide	Pyrimidine deoxyribonuleotide biosynthesis, CDP/CTP => dCDP/dCTP,dTDP/dTTP	2	MT	0.967	dsDNAphage	294187	12	20.7	2.6	294187	No	NA	503	50	10	High-quality	High-quality	97.12	HMM-based (lower-bound)	0	1	NA
Contig143601366||full_223	Contig143601366||full	GT2	GT2 cellulose synthase (EC 2.4.1.12); chitin synthase (EC 2.4.1.16); dolichyl-phosphate beta-D-mannosyltransferase (EC 2.4.1.83); dolichyl-phosphate beta-glucosyltransferase (EC 2.4.1.117); N-acetylglucosaminyltransferase (EC 2.4.1.-); N-acetylgalactosaminyltransferase (EC 2.4.1.-); hyaluronan synthase (EC 2.4.1.212); chitin oligosaccharide synthase (EC 2.4.1.-); beta-1,3-glucan synthase (EC 2.4.1.34); beta-1,4-mannan synthase (EC 2.4.1.-); beta-mannosylphosphodecaprenol-mannooligosaccharide alpha-1,6-mannosyltransferase (EC 2.4.1.199); UDP-Galf: rhamnopyranosyl-N-acetylglucosaminyl-PP-decaprenol beta-1,4/1,5-galactofuranosyltransferase (EC 2.4.1.287); UDP-Galf: galactofuranosyl-galactofuranosyl-rhamnosyl-N-acetylglucosaminyl-PP-decaprenol beta-1,5/1,6-galactofuranosyltransferase (EC 2.4.1.288); dTDP-L-Rha: N-acetylglucosaminyl-PP-decaprenol alpha-1,3-L-rhamnosyltransferase (EC 2.4.1.289)	carbon utilization	CAZY	NA	GlycosylTransferases	2	MT	1	dsDNAphage	148775	11	29.9	1.6	148775	No	NA	251	37	5	High-quality	High-quality	96.8	HMM-based (lower-bound)	0	1	NA
Contig143601366||full_231	Contig143601366||full	NA	NA	NA	NA	NA	NA	2	MKT	1	dsDNAphage	148775	11	29.9	1.6	148775	No	NA	251	37	5	High-quality	High-quality	96.8	HMM-based (lower-bound)	0	1	NA
Contig143601366||full_235	Contig143601366||full	NA	NA	NA	NA	NA	NA	2	MKT	1	dsDNAphage	148775	11	29.9	1.6	148775	No	NA	251	37	5	High-quality	High-quality	96.8	HMM-based (lower-bound)	0	1	NA
Contig144151658||full_63	Contig144151658||full	NA	NA	NA	NA	NA	NA	2	MKF	1	dsDNAphage	53377	1	28.6	0	53377	No	NA	63	5	2	High-quality	High-quality	94.89	AAI-based (medium-confidence)	0	1	NA
Contig146717681||full_10	Contig146717681||full	NA	NA	NA	NA	NA	NA	3	MK	0.82	dsDNAphage	72036	0	33.3	3.3	72036	No	NA	92	9	5	High-quality	High-quality	95.18	AAI-based (medium-confidence)	0	1	NA
Contig147068327||full_29	Contig147068327||full	NA	NA	NA	NA	NA	NA	1	MK	0.987	dsDNAphage	46468	4	23.4	3.1	46468	No	NA	64	4	1	High-quality	High-quality	100	AAI-based (medium-confidence)	0	1	NA
Contig14903753||full_73	Contig14903753||full	NA	NA	NA	NA	NA	NA	1	MK	0.993	dsDNAphage	109071	15	35.4	1.9	109071	No	NA	161	35	4	High-quality	High-quality	100	AAI-based (high-confidence)	0	1	NA
Contig14903753||full_156	Contig14903753||full	K00558	DNA (cytosine-5-)-methyltransferase [EC:2.1.1.37] [RN:R04858]	Organic Nitrogen	Amino Acid	NA	Methionine degradation	2	MF	0.993	dsDNAphage	109071	15	35.4	1.9	109071	No	NA	161	35	4	High-quality	High-quality	100	AAI-based (high-confidence)	0	1	NA
Contig150992567||full_5	Contig150992567||full	NA	NA	NA	NA	NA	NA	2	MKF	0.873	dsDNAphage	146533	11	26.4	33.8	146533	Yes	38542	148	25	80	Complete	High-quality	100	Provirus (high-confidence)	73.7	1	contig >1.5x longer than expected genome length
Contig150992567||full_79	Contig150992567||full	K10013	ABC.ARG.S; lysine/arginine/ornithine transport system substrate-binding protein	Transporters	NA	NA	Lysine/arginine/ornithine transport system	2	M	0.873	dsDNAphage	146533	11	26.4	33.8	146533	Yes	38542	148	25	80	Complete	High-quality	100	Provirus (high-confidence)	73.7	1	contig >1.5x longer than expected genome length
Contig150992567||full_79	Contig150992567||full	K10013	ABC.ARG.S; lysine/arginine/ornithine transport system substrate-binding protein	Transporters	NA	NA	Lysine/arginine/ornithine transport system	2	M	0.873	dsDNAphage	146533	11	26.4	33.8	146533	Yes	38542	148	25	80	Complete	High-quality	100	Provirus (high-confidence)	73.7	1	contig >1.5x longer than expected genome length
Contig150992567||full_86	Contig150992567||full	NA	NA	NA	NA	NA	NA	2	MK	0.873	dsDNAphage	146533	11	26.4	33.8	146533	Yes	38542	148	25	80	Complete	High-quality	100	Provirus (high-confidence)	73.7	1	contig >1.5x longer than expected genome length
Contig150992567||full_92	Contig150992567||full	M28A	Catlytic type: Metallo; able to release a variety of N-terminal amino acids	Organic Nitrogen	Peptidase	NA	Aminopeptidases and carboxypeptidases	2	M	0.873	dsDNAphage	146533	11	26.4	33.8	146533	Yes	38542	148	25	80	Complete	High-quality	100	Provirus (high-confidence)	73.7	1	contig >1.5x longer than expected genome length
Contig150992567||full_93	Contig150992567||full	K02030	ABC.PA.S; polar amino acid transport system substrate-binding protein	Transporters	NA	NA	Putative polar amino acid transport system	2	M	0.873	dsDNAphage	146533	11	26.4	33.8	146533	Yes	38542	148	25	80	Complete	High-quality	100	Provirus (high-confidence)	73.7	1	contig >1.5x longer than expected genome length
Contig150992567||full_93	Contig150992567||full	K02030	ABC.PA.S; polar amino acid transport system substrate-binding protein	Transporters	NA	NA	Putative polar amino acid transport system	2	M	0.873	dsDNAphage	146533	11	26.4	33.8	146533	Yes	38542	148	25	80	Complete	High-quality	100	Provirus (high-confidence)	73.7	1	contig >1.5x longer than expected genome length
Contig150992567||full_100	Contig150992567||full	K05813	ugpB; sn-glycerol 3-phosphate transport system substrate-binding protein	Transporters	NA	NA	Putative sn-glycerol-phosphate transport system	2	M	0.873	dsDNAphage	146533	11	26.4	33.8	146533	Yes	38542	148	25	80	Complete	High-quality	100	Provirus (high-confidence)	73.7	1	contig >1.5x longer than expected genome length
Contig150992567||full_111	Contig150992567||full	NA	NA	NA	NA	NA	NA	2	MK	0.873	dsDNAphage	146533	11	26.4	33.8	146533	Yes	38542	148	25	80	Complete	High-quality	100	Provirus (high-confidence)	73.7	1	contig >1.5x longer than expected genome length
Contig150992567||full_112	Contig150992567||full	K02057	ABC.SS.P; simple sugar transport system permease protein	Transporters	NA	NA	Putative simple sugar transport system	2	M	0.873	dsDNAphage	146533	11	26.4	33.8	146533	Yes	38542	148	25	80	Complete	High-quality	100	Provirus (high-confidence)	73.7	1	contig >1.5x longer than expected genome length
Contig150992567||full_115	Contig150992567||full	K02058	ABC.SS.S; simple sugar transport system substrate-binding protein	Transporters	NA	NA	Putative simple sugar transport system	2	M	0.873	dsDNAphage	146533	11	26.4	33.8	146533	Yes	38542	148	25	80	Complete	High-quality	100	Provirus (high-confidence)	73.7	1	contig >1.5x longer than expected genome length
Contig150992567||full_130	Contig150992567||full	K00058	D-3-phosphoglycerate dehydrogenase [EC:1.1.1.95] [RN:R01513]	Organic Nitrogen	Amino Acid	NA	Serine biosynthesis, glycerate-3P => serine	2	MK	0.873	dsDNAphage	146533	11	26.4	33.8	146533	Yes	38542	148	25	80	Complete	High-quality	100	Provirus (high-confidence)	73.7	1	contig >1.5x longer than expected genome length
Contig150992567||full_131	Contig150992567||full	K01807	ribose 5-phosphate isomerase [EC:5.3.1.6] [RN:R01056]	carbon utilization	central carbon	pentose pathway	Pentose phosphate pathway (Pentose phosphate cycle)	2	M	0.873	dsDNAphage	146533	11	26.4	33.8	146533	Yes	38542	148	25	80	Complete	High-quality	100	Provirus (high-confidence)	73.7	1	contig >1.5x longer than expected genome length
Contig150992567||full_131	Contig150992567||full	K01807	ribose 5-phosphate isomerase [EC:5.3.1.6] [RN:R01056]	carbon utilization	central carbon	pentose pathway	Pentose phosphate pathway, non-oxidative phase, fructose 6P => ribose 5P	2	M	0.873	dsDNAphage	146533	11	26.4	33.8	146533	Yes	38542	148	25	80	Complete	High-quality	100	Provirus (high-confidence)	73.7	1	contig >1.5x longer than expected genome length
Contig150992567||full_131	Contig150992567||full	K01807	ribose 5-phosphate isomerase A [EC:5.3.1.6] [RN:R01056]	carbon utilization	central carbon	pentose pathway	Pentose phosphate pathway, archaea, fructose 6P => ribose 5P	2	M	0.873	dsDNAphage	146533	11	26.4	33.8	146533	Yes	38542	148	25	80	Complete	High-quality	100	Provirus (high-confidence)	73.7	1	contig >1.5x longer than expected genome length
Contig150992567||full_131	Contig150992567||full	K01807	ribose 5-phosphate isomerase [EC:5.3.1.6] [RN:R01056]	Energy	C1	NA	Reductive pentose phosphate cycle (Calvin cycle)	2	M	0.873	dsDNAphage	146533	11	26.4	33.8	146533	Yes	38542	148	25	80	Complete	High-quality	100	Provirus (high-confidence)	73.7	1	contig >1.5x longer than expected genome length
Contig150992567||full_131	Contig150992567||full	K01807	ribose 5-phosphate isomerase [EC:5.3.1.6] [RN:R01056]	Energy	C1	NA	Reductive pentose phosphate cycle, glyceraldehyde-3P => ribulose-5P	2	M	0.873	dsDNAphage	146533	11	26.4	33.8	146533	Yes	38542	148	25	80	Complete	High-quality	100	Provirus (high-confidence)	73.7	1	contig >1.5x longer than expected genome length
Contig150992567||full_137	Contig150992567||full	K01190	beta-galactosidase	carbon utilization (Woodcroft)	sugar utilization (woodcroft)	lactose degradation	Galactose metabolism	2	MKE	0.873	dsDNAphage	146533	11	26.4	33.8	146533	Yes	38542	148	25	80	Complete	High-quality	100	Provirus (high-confidence)	73.7	1	contig >1.5x longer than expected genome length
Contig151611761||full_26	Contig151611761||full	NA	NA	NA	NA	NA	NA	2	MK	1	dsDNAphage	42854	6	29.5	0	42854	No	NA	61	11	3	High-quality	High-quality	100	AAI-based (medium-confidence)	0	1	NA
Contig151766216||full_43	Contig151766216||full	NA	NA	NA	NA	NA	NA	1	MK	1	dsDNAphage	50755	16	54.4	0	50755	No	NA	80	28	0	High-quality	High-quality	100	AAI-based (high-confidence)	0	1	NA
Contig151766216||full_45	Contig151766216||full	K00560	thymidylate synthase [EC:2.1.1.45] [RN:R02101]	MISC	Information systems	Nucleotide	Pyrimidine deoxyribonuleotide biosynthesis, CDP/CTP => dCDP/dCTP,dTDP/dTTP	1	M	1	dsDNAphage	50755	16	54.4	0	50755	No	NA	80	28	0	High-quality	High-quality	100	AAI-based (high-confidence)	0	1	NA
Contig151877900||full_29	Contig151877900||full	NA	NA	NA	NA	NA	NA	1	MK	0.993	dsDNAphage	190496	25	50.8	2.4	190496	No	NA	248	83	7	High-quality	High-quality	100	AAI-based (medium-confidence)	0	1	NA
Contig151877900||full_63	Contig151877900||full	NA	NA	NA	NA	NA	NA	1	MK	0.993	dsDNAphage	190496	25	50.8	2.4	190496	No	NA	248	83	7	High-quality	High-quality	100	AAI-based (medium-confidence)	0	1	NA
Contig151877900||full_105	Contig151877900||full	NA	NA	NA	NA	NA	NA	1	MK	0.993	dsDNAphage	190496	25	50.8	2.4	190496	No	NA	248	83	7	High-quality	High-quality	100	AAI-based (medium-confidence)	0	1	NA
Contig151877900||full_138	Contig151877900||full	NA	NA	NA	NA	NA	NA	1	MK	0.993	dsDNAphage	190496	25	50.8	2.4	190496	No	NA	248	83	7	High-quality	High-quality	100	AAI-based (medium-confidence)	0	1	NA
Contig151877900||full_151	Contig151877900||full	NA	NA	NA	NA	NA	NA	1	MK	0.993	dsDNAphage	190496	25	50.8	2.4	190496	No	NA	248	83	7	High-quality	High-quality	100	AAI-based (medium-confidence)	0	1	NA
Contig151877900||full_182	Contig151877900||full	NA	NA	NA	NA	NA	NA	1	MK	0.993	dsDNAphage	190496	25	50.8	2.4	190496	No	NA	248	83	7	High-quality	High-quality	100	AAI-based (medium-confidence)	0	1	NA
Contig151877900||full_190	Contig151877900||full	NA	NA	NA	NA	NA	NA	1	MK	0.993	dsDNAphage	190496	25	50.8	2.4	190496	No	NA	248	83	7	High-quality	High-quality	100	AAI-based (medium-confidence)	0	1	NA
Contig151877900||full_246	Contig151877900||full	NA	NA	NA	NA	NA	NA	2	MKE	0.993	dsDNAphage	190496	25	50.8	2.4	190496	No	NA	248	83	7	High-quality	High-quality	100	AAI-based (medium-confidence)	0	1	NA
Contig153305335||full_131	Contig153305335||full	NA	NA	NA	NA	NA	NA	2	MK	0.967	dsDNAphage	113919	2	16.8	5.2	113919	No	NA	173	10	2	High-quality	High-quality	95.42	HMM-based (lower-bound)	0	1	NA
Contig153305335||full_133	Contig153305335||full	NA	NA	NA	NA	NA	NA	2	MK	0.967	dsDNAphage	113919	2	16.8	5.2	113919	No	NA	173	10	2	High-quality	High-quality	95.42	HMM-based (lower-bound)	0	1	NA
Contig153305335||full_135	Contig153305335||full	NA	NA	NA	NA	NA	NA	2	MK	0.967	dsDNAphage	113919	2	16.8	5.2	113919	No	NA	173	10	2	High-quality	High-quality	95.42	HMM-based (lower-bound)	0	1	NA
Contig153579451||full_6	Contig153579451||full	NA	NA	NA	NA	NA	NA	2	MK	0.98	dsDNAphage	71698	7	34.7	9.5	71698	Yes	52305	95	20	11	High-quality	High-quality	99.44	AAI-based (medium-confidence)	27.05	1	NA
Contig153579451||full_7	Contig153579451||full	C56	Catlytic type: Cysteine; acts only on peptides of less than 20 amino acids; a preference for bulky, hydrophobic P1 residues	Organic Nitrogen	Peptidase	NA	PfpI endopeptidase of {Pyrococcus furiosus}	2	M	0.98	dsDNAphage	71698	7	34.7	9.5	71698	Yes	52305	95	20	11	High-quality	High-quality	99.44	AAI-based (medium-confidence)	27.05	1	NA
Contig153579451||full_9	Contig153579451||full	C56	Catlytic type: Cysteine; acts only on peptides of less than 20 amino acids; a preference for bulky, hydrophobic P1 residues	Organic Nitrogen	Peptidase	NA	PfpI endopeptidase of {Pyrococcus furiosus}	2	M	0.98	dsDNAphage	71698	7	34.7	9.5	71698	Yes	52305	95	20	11	High-quality	High-quality	99.44	AAI-based (medium-confidence)	27.05	1	NA
Contig153579451||full_11	Contig153579451||full	C56	Catlytic type: Cysteine; acts only on peptides of less than 20 amino acids; a preference for bulky, hydrophobic P1 residues	Organic Nitrogen	Peptidase	NA	PfpI endopeptidase of {Pyrococcus furiosus}	2	M	0.98	dsDNAphage	71698	7	34.7	9.5	71698	Yes	52305	95	20	11	High-quality	High-quality	99.44	AAI-based (medium-confidence)	27.05	1	NA
Contig153579451||full_25	Contig153579451||full	K00558	DNA (cytosine-5-)-methyltransferase [EC:2.1.1.37] [RN:R04858]	Organic Nitrogen	Amino Acid	NA	Methionine degradation	2	M	0.98	dsDNAphage	71698	7	34.7	9.5	71698	Yes	52305	95	20	11	High-quality	High-quality	99.44	AAI-based (medium-confidence)	27.05	1	NA
Contig154649737||full_7	Contig154649737||full	NA	NA	NA	NA	NA	NA	1	MK	1	dsDNAphage	130903	5	30.7	1.7	130903	No	NA	231	30	4	High-quality	High-quality	96.59	AAI-based (medium-confidence)	0	1	NA
Contig154649737||full_25	Contig154649737||full	NA	NA	NA	NA	NA	NA	1	MK	1	dsDNAphage	130903	5	30.7	1.7	130903	No	NA	231	30	4	High-quality	High-quality	96.59	AAI-based (medium-confidence)	0	1	NA
Contig154649737||full_26	Contig154649737||full	NA	NA	NA	NA	NA	NA	1	MK	1	dsDNAphage	130903	5	30.7	1.7	130903	No	NA	231	30	4	High-quality	High-quality	96.59	AAI-based (medium-confidence)	0	1	NA
Contig154649737||full_192	Contig154649737||full	K01520	dUTP pyrophosphatase [EC:3.6.1.23] [RN:R02100]	MISC	Information systems	Nucleotide	Pyrimidine deoxyribonuleotide biosynthesis, CDP/CTP => dCDP/dCTP,dTDP/dTTP	1	M	1	dsDNAphage	130903	5	30.7	1.7	130903	No	NA	231	30	4	High-quality	High-quality	96.59	AAI-based (medium-confidence)	0	1	NA
Contig155633282||full_65	Contig155633282||full	K00789	S-adenosylmethionine synthetase [EC:2.5.1.6] [RN:R00177]	Organic Nitrogen	Amino Acid	NA	Cysteine biosynthesis, methionine => cysteine	2	M	1	dsDNAphage	43914	3	27.3	1.3	43914	No	NA	77	8	0	High-quality	High-quality	100	AAI-based (high-confidence)	0	1	NA
Contig155633282||full_65	Contig155633282||full	K00789	S-adenosylmethionine synthetase [EC:2.5.1.6] [RN:R00177]	Organic Nitrogen	Amino Acid	NA	Methionine degradation	2	M	1	dsDNAphage	43914	3	27.3	1.3	43914	No	NA	77	8	0	High-quality	High-quality	100	AAI-based (high-confidence)	0	1	NA
Contig15611442||full_76	Contig15611442||full	NA	NA	NA	NA	NA	NA	2	MK	0.987	dsDNAphage	77891	2	21.1	0	77891	No	NA	109	10	5	High-quality	High-quality	100	AAI-based (medium-confidence)	0	1	NA
Contig15618873||full_167	Contig15618873||full	NA	NA	NA	NA	NA	NA	2	MK	1	dsDNAphage	204165	5	33	1.3	204165	No	NA	319	26	2	High-quality	High-quality	100	AAI-based (medium-confidence)	0	1	NA
Contig15618873||full_226	Contig15618873||full	NA	NA	NA	NA	NA	NA	1	MK	1	dsDNAphage	204165	5	33	1.3	204165	No	NA	319	26	2	High-quality	High-quality	100	AAI-based (medium-confidence)	0	1	NA
Contig15618873||full_239	Contig15618873||full	NA	NA	NA	NA	NA	NA	1	MK	1	dsDNAphage	204165	5	33	1.3	204165	No	NA	319	26	2	High-quality	High-quality	100	AAI-based (medium-confidence)	0	1	NA
Contig15618873||full_242	Contig15618873||full	NA	NA	NA	NA	NA	NA	1	MK	1	dsDNAphage	204165	5	33	1.3	204165	No	NA	319	26	2	High-quality	High-quality	100	AAI-based (medium-confidence)	0	1	NA
Contig15618873||full_243	Contig15618873||full	NA	NA	NA	NA	NA	NA	1	MK	1	dsDNAphage	204165	5	33	1.3	204165	No	NA	319	26	2	High-quality	High-quality	100	AAI-based (medium-confidence)	0	1	NA
Contig15618873||full_246	Contig15618873||full	NA	NA	NA	NA	NA	NA	1	MK	1	dsDNAphage	204165	5	33	1.3	204165	No	NA	319	26	2	High-quality	High-quality	100	AAI-based (medium-confidence)	0	1	NA
Contig15618873||full_252	Contig15618873||full	NA	NA	NA	NA	NA	NA	1	MK	1	dsDNAphage	204165	5	33	1.3	204165	No	NA	319	26	2	High-quality	High-quality	100	AAI-based (medium-confidence)	0	1	NA
Contig15618873||full_253	Contig15618873||full	NA	NA	NA	NA	NA	NA	1	MK	1	dsDNAphage	204165	5	33	1.3	204165	No	NA	319	26	2	High-quality	High-quality	100	AAI-based (medium-confidence)	0	1	NA
Contig15618873||full_261	Contig15618873||full	K01520	dUTP pyrophosphatase [EC:3.6.1.23] [RN:R02100]	MISC	Information systems	Nucleotide	Pyrimidine deoxyribonuleotide biosynthesis, CDP/CTP => dCDP/dCTP,dTDP/dTTP	1	M	1	dsDNAphage	204165	5	33	1.3	204165	No	NA	319	26	2	High-quality	High-quality	100	AAI-based (medium-confidence)	0	1	NA
Contig15618873||full_278	Contig15618873||full	NA	NA	NA	NA	NA	NA	1	MK	1	dsDNAphage	204165	5	33	1.3	204165	No	NA	319	26	2	High-quality	High-quality	100	AAI-based (medium-confidence)	0	1	NA
Contig15618873||full_281	Contig15618873||full	K01939	adenylosuccinate synthase [EC:6.3.4.4] [RN:R01135]	MISC	Information systems	Nucleotide	Adenine ribonucleotide biosynthesis, IMP => ADP,ATP	1	M	1	dsDNAphage	204165	5	33	1.3	204165	No	NA	319	26	2	High-quality	High-quality	100	AAI-based (medium-confidence)	0	1	NA
Contig15913245||full_21	Contig15913245||full	NA	NA	NA	NA	NA	NA	2	MK	0.993	dsDNAphage	46851	1	30.5	0	46851	No	NA	59	5	1	High-quality	High-quality	100	AAI-based (medium-confidence)	0	1	NA
Contig16082042||full_69	Contig16082042||full	NA	NA	NA	NA	NA	NA	1	MKE	0.993	dsDNAphage	66776	9	31.2	2.1	66776	No	NA	97	17	0	High-quality	High-quality	92.54	HMM-based (lower-bound)	0	1	NA
Contig16082042||full_70	Contig16082042||full	GH16	GH16 xyloglucan:xyloglucosyltransferase (EC 2.4.1.207); keratan-sulfate endo-1,4-beta-galactosidase (EC 3.2.1.103); endo-1,3-beta-glucanase / laminarinase (EC 3.2.1.39); endo-1,3(4)-beta-glucanase (EC 3.2.1.6); licheninase (EC 3.2.1.73); beta-agarase (EC 3.2.1.81); kappa;-carrageenase (EC 3.2.1.83); xyloglucanase (EC 3.2.1.151); endo-beta-1,3-galactanase (EC 3.2.1.181); [retaining] beta-porphyranase (EC 3.2.1.178); hyaluronidase (EC 3.2.1.35); endo-beta-1,4-galactosidase (EC 3.2.1.-); chitin beta-1,6-glucanosyltransferase (EC 2.4.1.-); beta-transglycosidase (EC 2.4.1.-); beta-glycosidase (EC 3.2.1.-); endo-beta-1,3-galactanase (EC 3.2.1.181)	carbon utilization	CAZY	Amorphous Cellulose Oligo Cleavage, Xyloglucan Backbone Cleavage (Hemicellulose), Mixed-Linkage glucans Backbone Cleavage (Hemicellulose), Mixed-Linkage glucans Oligo Cleavage (Hemicellulose), Sulf-Polysachharides Backbone Cleavage	Glycoside Hydrolases	1	MKE	0.993	dsDNAphage	66776	9	31.2	2.1	66776	No	NA	97	17	0	High-quality	High-quality	92.54	HMM-based (lower-bound)	0	1	NA
Contig18430635||full_6	Contig18430635||full	NA	NA	NA	NA	NA	NA	1	MKF	1	dsDNAphage	50936	5	32	4	50936	No	NA	75	16	4	High-quality	High-quality	96.57	AAI-based (medium-confidence)	0	1	NA
Contig21073728||full_124	Contig21073728||full	NA	NA	NA	NA	NA	NA	1	MKT	0.933	dsDNAphage	118523	7	21.3	4.9	118523	No	NA	183	13	4	High-quality	High-quality	100	AAI-based (medium-confidence)	0	1	NA
Contig21073728||full_126	Contig21073728||full	NA	NA	NA	NA	NA	NA	1	MKT	0.933	dsDNAphage	118523	7	21.3	4.9	118523	No	NA	183	13	4	High-quality	High-quality	100	AAI-based (medium-confidence)	0	1	NA
Contig21648553||full_34	Contig21648553||full	NA	NA	NA	NA	NA	NA	2	MK	0.993	dsDNAphage	56822	3	30.7	1.1	56822	No	NA	88	15	2	High-quality	High-quality	100	AAI-based (medium-confidence)	0	1	NA
Contig21648553||full_49	Contig21648553||full	NA	NA	NA	NA	NA	NA	1	MK	0.993	dsDNAphage	56822	3	30.7	1.1	56822	No	NA	88	15	2	High-quality	High-quality	100	AAI-based (medium-confidence)	0	1	NA
Contig22889031||full_74	Contig22889031||full	NA	NA	NA	NA	NA	NA	2	MK	0.987	dsDNAphage	93596	1	22	2	93596	No	NA	151	20	2	High-quality	High-quality	100	AAI-based (high-confidence)	0	1	NA
Contig24278870||full_51	Contig24278870||full	K01939	adenylosuccinate synthase [EC:6.3.4.4] [RN:R01135]	MISC	Information systems	Nucleotide	Adenine ribonucleotide biosynthesis, IMP => ADP,ATP	2	M	1	dsDNAphage	144747	15	33.5	3	144747	No	NA	230	41	9	High-quality	High-quality	100	AAI-based (high-confidence)	0	1	NA
Contig24278870||full_96	Contig24278870||full	NA	NA	NA	NA	NA	NA	1	MK	1	dsDNAphage	144747	15	33.5	3	144747	No	NA	230	41	9	High-quality	High-quality	100	AAI-based (high-confidence)	0	1	NA
Contig24278870||full_101	Contig24278870||full	NA	NA	NA	NA	NA	NA	1	MK	1	dsDNAphage	144747	15	33.5	3	144747	No	NA	230	41	9	High-quality	High-quality	100	AAI-based (high-confidence)	0	1	NA
Contig24278870||full_117	Contig24278870||full	NA	NA	NA	NA	NA	NA	1	MK	1	dsDNAphage	144747	15	33.5	3	144747	No	NA	230	41	9	High-quality	High-quality	100	AAI-based (high-confidence)	0	1	NA
Contig24278870||full_167	Contig24278870||full	GH13	GH13 alpha-amylase (EC 3.2.1.1); pullulanase (EC 3.2.1.41); cyclomaltodextrin glucanotransferase (EC 2.4.1.19); cyclomaltodextrinase (EC 3.2.1.54); trehalose-6-phosphate hydrolase (EC 3.2.1.93); oligo-alpha-glucosidase (EC 3.2.1.10); maltogenic amylase (EC 3.2.1.133); neopullulanase (EC 3.2.1.135); alpha-glucosidase (EC 3.2.1.20); maltotetraose-forming alpha-amylase (EC 3.2.1.60); isoamylase (EC 3.2.1.68); glucodextranase (EC 3.2.1.70); maltohexaose-forming alpha-amylase (EC 3.2.1.98); maltotriose-forming alpha-amylase (EC 3.2.1.116); branching enzyme (EC 2.4.1.18); trehalose synthase (EC 5.4.99.16); 4-alpha-glucanotransferase (EC 2.4.1.25); maltopentaose-forming alpha-amylase (EC 3.2.1.-) ; amylosucrase (EC 2.4.1.4) ; sucrose phosphorylase (EC 2.4.1.7); malto-oligosyltrehalose trehalohydrolase (EC 3.2.1.141); isomaltulose synthase (EC 5.4.99.11); malto-oligosyltrehalose synthase (EC 5.4.99.15); amylo-alpha-1,6-glucosidase (EC 3.2.1.33); alpha-1,4-glucan: phosphate alpha-maltosyltransferase (EC 2.4.99.16); 6'-P-sucrose phosphorylase (EC 2.4.1.-); amino acid transporter	carbon utilization	CAZY	Starch Backbone Cleavage	Glycoside Hydrolases	2	M	1	dsDNAphage	144747	15	33.5	3	144747	No	NA	230	41	9	High-quality	High-quality	100	AAI-based (high-confidence)	0	1	NA
Contig24278870||full_191	Contig24278870||full	NA	NA	NA	NA	NA	NA	2	MK	1	dsDNAphage	144747	15	33.5	3	144747	No	NA	230	41	9	High-quality	High-quality	100	AAI-based (high-confidence)	0	1	NA
Contig25304145||full_29	Contig25304145||full	NA	NA	NA	NA	NA	NA	1	MKE	1	dsDNAphage	67147	5	38.2	1.1	67147	No	NA	89	19	1	High-quality	High-quality	100	AAI-based (medium-confidence)	0	1	NA
Contig2570646||full_13	Contig2570646||full	NA	NA	NA	NA	NA	NA	1	MK	0.993	dsDNAphage	44839	7	36.2	0	44839	No	NA	70	16	0	High-quality	High-quality	93.92	AAI-based (high-confidence)	0	1	NA
Contig26118042||full_81	Contig26118042||full	K01945	phosphoribosylamine--glycine ligase [EC:6.3.4.13] [RN:R04144]	MISC	Information systems	Nucleotide	Inosine monophosphate biosynthesis, PRPP + glutamine => IMP	1	M	1	dsDNAphage	57137	4	47.9	2.1	57137	No	NA	94	19	0	High-quality	High-quality	100	AAI-based (medium-confidence)	0	1	NA
Contig26118042||full_83	Contig26118042||full	NA	NA	NA	NA	NA	NA	1	MK	1	dsDNAphage	57137	4	47.9	2.1	57137	No	NA	94	19	0	High-quality	High-quality	100	AAI-based (medium-confidence)	0	1	NA
Contig26800275||full_12	Contig26800275||full	NA	NA	NA	NA	NA	NA	1	MK	0.967	dsDNAphage	379467	12	19	4	379467	No	NA	626	39	24	High-quality	High-quality	97.84	HMM-based (lower-bound)	0	1	NA
Contig26800275||full_138	Contig26800275||full	M36	Catlytic type: Metallo; hydrolyses laminins, elastin and collagen, with a preference for cleavage on the amino side of hydrophobic residues with bulky side-chains; a member is funalysin	Organic Nitrogen	Peptidase	NA	Endopeptidases	1	M	0.967	dsDNAphage	379467	12	19	4	379467	No	NA	626	39	24	High-quality	High-quality	97.84	HMM-based (lower-bound)	0	1	NA
Contig26800275||full_355	Contig26800275||full	NA	NA	NA	NA	NA	NA	1	MK	0.967	dsDNAphage	379467	12	19	4	379467	No	NA	626	39	24	High-quality	High-quality	97.84	HMM-based (lower-bound)	0	1	NA
Contig26800275||full_425	Contig26800275||full	K00762	orotate phosphoribosyltransferase [EC:2.4.2.10] [RN:R01870]	MISC	Information systems	Nucleotide	Uridine monophosphate biosynthesis, glutamine (+ PRPP) => UMP	1	MK	0.967	dsDNAphage	379467	12	19	4	379467	No	NA	626	39	24	High-quality	High-quality	97.84	HMM-based (lower-bound)	0	1	NA
Contig26800275||full_474	Contig26800275||full	NA	NA	NA	NA	NA	NA	2	MK	0.967	dsDNAphage	379467	12	19	4	379467	No	NA	626	39	24	High-quality	High-quality	97.84	HMM-based (lower-bound)	0	1	NA
Contig26800275||full_537	Contig26800275||full	K01520	dUTP pyrophosphatase [EC:3.6.1.23] [RN:R02100]	MISC	Information systems	Nucleotide	Pyrimidine deoxyribonuleotide biosynthesis, CDP/CTP => dCDP/dCTP,dTDP/dTTP	2	M	0.967	dsDNAphage	379467	12	19	4	379467	No	NA	626	39	24	High-quality	High-quality	97.84	HMM-based (lower-bound)	0	1	NA
Contig27738626||full_42	Contig27738626||full	NA	NA	NA	NA	NA	NA	2	MK	0.993	dsDNAphage	60088	5	25	1	60088	No	NA	96	19	0	High-quality	High-quality	100	AAI-based (high-confidence)	0	1	NA
Contig28143035||full_10	Contig28143035||full	C93	Catlytic type: Cysteine; member is LapG peptidase (Pseudomonas fluorescens)	Organic Nitrogen	Peptidase	NA	LapG peptidase	2	MF	1	dsDNAphage	55200	4	30.7	0	55200	No	NA	75	15	0	High-quality	High-quality	100	AAI-based (medium-confidence)	0	1	NA
Contig3124805||full_66	Contig3124805||full	NA	NA	NA	NA	NA	NA	3	MK	0.82	dsDNAphage	77537	0	11.9	3	77537	No	NA	137	8	4	High-quality	High-quality	100	AAI-based (medium-confidence)	0	1	NA
Contig31647895||full_12	Contig31647895||full	NA	NA	NA	NA	NA	NA	2	MKF	1	dsDNAphage	43779	6	42.6	0	43779	No	NA	69	13	0	High-quality	High-quality	100	AAI-based (medium-confidence)	0	1	NA
Contig32388511||full_38	Contig32388511||full	NA	NA	NA	NA	NA	NA	2	MK	0.993	dsDNAphage	68337	1	20.5	1.8	68337	No	NA	113	8	0	High-quality	High-quality	94.13	AAI-based (medium-confidence)	0	1	NA
Contig35224228||full_38	Contig35224228||full	NA	NA	NA	NA	NA	NA	2	MK	0.967	dsDNAphage	77682	3	20.9	3.3	77682	No	NA	91	8	3	High-quality	High-quality	100	AAI-based (high-confidence)	0	1	NA
Contig35224228||full_47	Contig35224228||full	NA	NA	NA	NA	NA	NA	2	MK	0.967	dsDNAphage	77682	3	20.9	3.3	77682	No	NA	91	8	3	High-quality	High-quality	100	AAI-based (high-confidence)	0	1	NA
Contig37529703||full_52	Contig37529703||full	NA	NA	NA	NA	NA	NA	1	MK	0.987	dsDNAphage	68952	5	21.6	4.1	68952	No	NA	98	8	0	High-quality	High-quality	100	AAI-based (medium-confidence)	0	1	NA
Contig39015512||full_27	Contig39015512||full	K01494	dCTP deaminase [EC:3.5.4.13] [RN:R02325]	MISC	Information systems	Nucleotide	Pyrimidine deoxyribonuleotide biosynthesis, CDP/CTP => dCDP/dCTP,dTDP/dTTP	1	M	0.993	dsDNAphage	308189	40	43.5	0.9	308189	No	NA	336	106	4	High-quality	High-quality	100	AAI-based (medium-confidence)	0	1	NA
Contig39015512||full_93	Contig39015512||full	K00943	dTMP kinase [EC:2.7.4.9] [RN:R02094]	MISC	Information systems	Nucleotide	Pyrimidine deoxyribonuleotide biosynthesis, CDP/CTP => dCDP/dCTP,dTDP/dTTP	1	M	0.993	dsDNAphage	308189	40	43.5	0.9	308189	No	NA	336	106	4	High-quality	High-quality	100	AAI-based (medium-confidence)	0	1	NA
Contig39015512||full_317	Contig39015512||full	NA	NA	NA	NA	NA	NA	2	MK	0.993	dsDNAphage	308189	40	43.5	0.9	308189	No	NA	336	106	4	High-quality	High-quality	100	AAI-based (medium-confidence)	0	1	NA
Contig39015512||full_324	Contig39015512||full	NA	NA	NA	NA	NA	NA	2	MK	0.993	dsDNAphage	308189	40	43.5	0.9	308189	No	NA	336	106	4	High-quality	High-quality	100	AAI-based (medium-confidence)	0	1	NA
Contig39015512||full_325	Contig39015512||full	NA	NA	NA	NA	NA	NA	2	MK	0.993	dsDNAphage	308189	40	43.5	0.9	308189	No	NA	336	106	4	High-quality	High-quality	100	AAI-based (medium-confidence)	0	1	NA
Contig39608419||full_59	Contig39608419||full	NA	NA	NA	NA	NA	NA	1	MK	1	dsDNAphage	57150	7	46.2	2.6	57150	No	NA	79	16	2	High-quality	High-quality	100	AAI-based (medium-confidence)	0	1	contig >1.5x longer than expected genome length
Contig40043020||full_74	Contig40043020||full	NA	NA	NA	NA	NA	NA	2	MK	0.953	dsDNAphage	76860	3	21.6	3.1	76860	No	NA	98	9	2	High-quality	High-quality	100	AAI-based (medium-confidence)	0	1	NA
Contig40043020||full_81	Contig40043020||full	NA	NA	NA	NA	NA	NA	2	MK	0.953	dsDNAphage	76860	3	21.6	3.1	76860	No	NA	98	9	2	High-quality	High-quality	100	AAI-based (medium-confidence)	0	1	NA
Contig41839793||full_17	Contig41839793||full	K01939	adenylosuccinate synthase [EC:6.3.4.4] [RN:R01135]	MISC	Information systems	Nucleotide	Adenine ribonucleotide biosynthesis, IMP => ADP,ATP	2	M	0.993	dsDNAphage	90478	7	34	1.3	90478	No	NA	156	24	0	High-quality	High-quality	100	AAI-based (medium-confidence)	0	1	contig >1.5x longer than expected genome length
Contig44715763||full_117	Contig44715763||full	NA	NA	NA	NA	NA	NA	1	MK	1	dsDNAphage	92038	10	33.3	2.8	92038	No	NA	142	16	8	High-quality	High-quality	100	AAI-based (medium-confidence)	0	1	NA
Contig44920558||full_57	Contig44920558||full	K00558	DNA (cytosine-5-)-methyltransferase [EC:2.1.1.37] [RN:R04858]	Organic Nitrogen	Amino Acid	NA	Methionine degradation	1	MT	0.973	dsDNAphage	38063	5	32.8	1.6	38063	No	NA	65	16	0	High-quality	High-quality	97.73	AAI-based (high-confidence)	0	1	NA
Contig46548736||full_41	Contig46548736||full	NA	NA	NA	NA	NA	NA	2	MK	0.94	dsDNAphage	102415	16	26.3	13.5	102415	Yes	63055	133	28	25	Complete	High-quality	100	Provirus (high-confidence)	38.43	1	NA
Contig48493721||full_101	Contig48493721||full	NA	NA	NA	NA	NA	NA	2	MK	0.993	dsDNAphage	96457	6	24.1	2.5	96457	No	NA	158	17	0	High-quality	High-quality	91.3	HMM-based (lower-bound)	0	1	NA
Contig49617119||full_9	Contig49617119||full	NA	NA	NA	NA	NA	NA	2	MK	0.967	dsDNAphage	393332	4	15.2	4	393332	No	NA	656	37	43	High-quality	High-quality	94.81	HMM-based (lower-bound)	0	1	NA
Contig49617119||full_48	Contig49617119||full	NA	NA	NA	NA	NA	NA	1	MK	0.967	dsDNAphage	393332	4	15.2	4	393332	No	NA	656	37	43	High-quality	High-quality	94.81	HMM-based (lower-bound)	0	1	NA
Contig49617119||full_53	Contig49617119||full	NA	NA	NA	NA	NA	NA	1	MK	0.967	dsDNAphage	393332	4	15.2	4	393332	No	NA	656	37	43	High-quality	High-quality	94.81	HMM-based (lower-bound)	0	1	NA
Contig49617119||full_67	Contig49617119||full	NA	NA	NA	NA	NA	NA	1	MK	0.967	dsDNAphage	393332	4	15.2	4	393332	No	NA	656	37	43	High-quality	High-quality	94.81	HMM-based (lower-bound)	0	1	NA
Contig49617119||full_70	Contig49617119||full	M24A	Catlytic type: Metallo; cleave the Met-Xaa (where Xaa is any amino acid) bond in the removal of the initiating N-terminal methionine from newly synthesized proteins; essential for the removal of the initiating methionine of many proteins, acting co-translationally in association with the ribosomes	Organic Nitrogen	Peptidase	NA	Exopeptidases that require co-catalytic ions of cobalt or manganese	1	M	0.967	dsDNAphage	393332	4	15.2	4	393332	No	NA	656	37	43	High-quality	High-quality	94.81	HMM-based (lower-bound)	0	1	NA
Contig49617119||full_95	Contig49617119||full	K00088	IMP dehydrogenase [EC:1.1.1.205] [RN:R01130]	MISC	Information systems	Nucleotide	Guanine ribonucleotide biosynthesis IMP => GDP,GTP	2	M	0.967	dsDNAphage	393332	4	15.2	4	393332	No	NA	656	37	43	High-quality	High-quality	94.81	HMM-based (lower-bound)	0	1	NA
Contig49617119||full_108	Contig49617119||full	K01520	dUTP pyrophosphatase [EC:3.6.1.23] [RN:R02100]	MISC	Information systems	Nucleotide	Pyrimidine deoxyribonuleotide biosynthesis, CDP/CTP => dCDP/dCTP,dTDP/dTTP	2	M	0.967	dsDNAphage	393332	4	15.2	4	393332	No	NA	656	37	43	High-quality	High-quality	94.81	HMM-based (lower-bound)	0	1	NA
Contig49617119||full_393	Contig49617119||full	NA	NA	NA	NA	NA	NA	2	MK	0.967	dsDNAphage	393332	4	15.2	4	393332	No	NA	656	37	43	High-quality	High-quality	94.81	HMM-based (lower-bound)	0	1	NA
Contig49617119||full_433	Contig49617119||full	NA	NA	NA	NA	NA	NA	2	MK	0.967	dsDNAphage	393332	4	15.2	4	393332	No	NA	656	37	43	High-quality	High-quality	94.81	HMM-based (lower-bound)	0	1	NA
Contig49617119||full_454	Contig49617119||full	NA	NA	NA	NA	NA	NA	2	MK	0.967	dsDNAphage	393332	4	15.2	4	393332	No	NA	656	37	43	High-quality	High-quality	94.81	HMM-based (lower-bound)	0	1	NA
Contig49617119||full_493	Contig49617119||full	NA	NA	NA	NA	NA	NA	2	MK	0.967	dsDNAphage	393332	4	15.2	4	393332	No	NA	656	37	43	High-quality	High-quality	94.81	HMM-based (lower-bound)	0	1	NA
Contig49617119||full_541	Contig49617119||full	K01591	orotidine-5'-phosphate decarboxylase [EC:4.1.1.23] [RN:R00965]	MISC	Information systems	Nucleotide	Uridine monophosphate biosynthesis, glutamine (+ PRPP) => UMP	2	M	0.967	dsDNAphage	393332	4	15.2	4	393332	No	NA	656	37	43	High-quality	High-quality	94.81	HMM-based (lower-bound)	0	1	NA
Contig49617119||full_544	Contig49617119||full	K02935	large subunit ribosomal protein L7/L12	MISC	Information systems	NA	Ribosome, bacteria	2	M	0.967	dsDNAphage	393332	4	15.2	4	393332	No	NA	656	37	43	High-quality	High-quality	94.81	HMM-based (lower-bound)	0	1	NA
Contig49617119||full_561	Contig49617119||full	NA	NA	NA	NA	NA	NA	2	MK	0.967	dsDNAphage	393332	4	15.2	4	393332	No	NA	656	37	43	High-quality	High-quality	94.81	HMM-based (lower-bound)	0	1	NA
Contig49617119||full_563	Contig49617119||full	NA	NA	NA	NA	NA	NA	2	MK	0.967	dsDNAphage	393332	4	15.2	4	393332	No	NA	656	37	43	High-quality	High-quality	94.81	HMM-based (lower-bound)	0	1	NA
Contig49617119||full_624	Contig49617119||full	K02935	large subunit ribosomal protein L7/L12	MISC	Information systems	NA	Ribosome, bacteria	2	M	0.967	dsDNAphage	393332	4	15.2	4	393332	No	NA	656	37	43	High-quality	High-quality	94.81	HMM-based (lower-bound)	0	1	NA
Contig50535847||full_52	Contig50535847||full	K00558	DNA (cytosine-5-)-methyltransferase [EC:2.1.1.37] [RN:R04858]	Organic Nitrogen	Amino Acid	NA	Methionine degradation	2	M	0.96	dsDNAphage	95307	7	37.2	10.6	95307	Yes	53208	113	12	23	Complete	High-quality	100	Provirus (high-confidence)	44.17	1	contig >1.5x longer than expected genome length
Contig50535847||full_88	Contig50535847||full	NA	NA	NA	NA	NA	NA	2	MK	0.96	dsDNAphage	95307	7	37.2	10.6	95307	Yes	53208	113	12	23	Complete	High-quality	100	Provirus (high-confidence)	44.17	1	contig >1.5x longer than expected genome length
Contig50535847||full_101	Contig50535847||full	K12340	tolC; outer membrane channel protein TolC	Transporters	NA	NA	alpha-Hemolysin/cyclolysin transport system	2	M	0.96	dsDNAphage	95307	7	37.2	10.6	95307	Yes	53208	113	12	23	Complete	High-quality	100	Provirus (high-confidence)	44.17	1	contig >1.5x longer than expected genome length
Contig50535847||full_101	Contig50535847||full	K12340	tolC; outer membrane channel protein TolC	Transporters	NA	NA	RTX toxin transport system	2	M	0.96	dsDNAphage	95307	7	37.2	10.6	95307	Yes	53208	113	12	23	Complete	High-quality	100	Provirus (high-confidence)	44.17	1	contig >1.5x longer than expected genome length
Contig50624312||full_142	Contig50624312||full	NA	NA	NA	NA	NA	NA	2	MK	0.96	dsDNAphage	130196	2	22.8	4.2	130196	No	NA	189	16	0	High-quality	High-quality	93.65	HMM-based (lower-bound)	0	1	NA
Contig50624312||full_143	Contig50624312||full	NA	NA	NA	NA	NA	NA	2	MK	0.96	dsDNAphage	130196	2	22.8	4.2	130196	No	NA	189	16	0	High-quality	High-quality	93.65	HMM-based (lower-bound)	0	1	NA
Contig50624312||full_147	Contig50624312||full	NA	NA	NA	NA	NA	NA	2	MK	0.96	dsDNAphage	130196	2	22.8	4.2	130196	No	NA	189	16	0	High-quality	High-quality	93.65	HMM-based (lower-bound)	0	1	NA
Contig50624312||full_188	Contig50624312||full	NA	NA	NA	NA	NA	NA	2	MKF	0.96	dsDNAphage	130196	2	22.8	4.2	130196	No	NA	189	16	0	High-quality	High-quality	93.65	HMM-based (lower-bound)	0	1	NA
Contig50753365||full_8	Contig50753365||full	NA	NA	NA	NA	NA	NA	1	MK	1	dsDNAphage	40603	11	36.5	0	40603	No	NA	75	15	0	High-quality	High-quality	97.07	AAI-based (high-confidence)	0	1	NA
Contig51191572||full_16	Contig51191572||full	K00558	DNA (cytosine-5-)-methyltransferase [EC:2.1.1.37] [RN:R04858]	Organic Nitrogen	Amino Acid	NA	Methionine degradation	2	M	1	dsDNAphage	98873	2	25	3.6	98873	No	NA	136	9	4	High-quality	High-quality	91.24	HMM-based (lower-bound)	0	1	NA
Contig51191572||full_69	Contig51191572||full	NA	NA	NA	NA	NA	NA	2	MK	1	dsDNAphage	98873	2	25	3.6	98873	No	NA	136	9	4	High-quality	High-quality	91.24	HMM-based (lower-bound)	0	1	NA
Contig51191572||full_91	Contig51191572||full	NA	NA	NA	NA	NA	NA	2	MK	1	dsDNAphage	98873	2	25	3.6	98873	No	NA	136	9	4	High-quality	High-quality	91.24	HMM-based (lower-bound)	0	1	NA
Contig52159389||full_16	Contig52159389||full	K01885	glutamyl-tRNA synthetase [EC:6.1.1.17] [RN:R05578]	MISC	Antibiotic Resistance	NA	Siroheme biosynthesis, glutamate => siroheme	1	MK	0.587	dsDNAphage	117300	2	14.3	14.3	117300	No	NA	124	1	67	High-quality	High-quality	100	HMM-based (lower-bound)	0	1	NA
Contig52159389||full_16	Contig52159389||full	K01885	EARS; glutamyl-tRNA synthetase [EC:6.1.1.17]	MISC	Information systems	NA	Aminoacyl-tRNA biosynthesis, eukaryotes	1	MK	0.587	dsDNAphage	117300	2	14.3	14.3	117300	No	NA	124	1	67	High-quality	High-quality	100	HMM-based (lower-bound)	0	1	NA
Contig52159389||full_26	Contig52159389||full	K01990	ABC-2.A; ABC-2 type transport system ATP-binding protein	Transporters	NA	NA	ABC-2 type transport system	1	M	0.587	dsDNAphage	117300	2	14.3	14.3	117300	No	NA	124	1	67	High-quality	High-quality	100	HMM-based (lower-bound)	0	1	NA
Contig52159389||full_28	Contig52159389||full	K02003	ABC.CD.A;	Transporters	NA	NA	Putative ABC transport system	1	M	0.587	dsDNAphage	117300	2	14.3	14.3	117300	No	NA	124	1	67	High-quality	High-quality	100	HMM-based (lower-bound)	0	1	NA
Contig52159389||full_29	Contig52159389||full	K02004	ABC.CD.P;	Transporters	NA	NA	Putative ABC transport system	1	M	0.587	dsDNAphage	117300	2	14.3	14.3	117300	No	NA	124	1	67	High-quality	High-quality	100	HMM-based (lower-bound)	0	1	NA
Contig52159389||full_32	Contig52159389||full	M17	Catlytic type: Metallo; any N-terminal amino acid can be released from dipeptides and polypeptides, although there is a preference for leucine; bonds with proline in P1 are not cleaved; maximally active between pH 9 and 9.5	Organic Nitrogen	Peptidase	NA	Aminopeptidases	1	M	0.587	dsDNAphage	117300	2	14.3	14.3	117300	No	NA	124	1	67	High-quality	High-quality	100	HMM-based (lower-bound)	0	1	NA
Contig52159389||full_33	Contig52159389||full	M50B	Catlytic type: Metallo; activates the factor sigmaK precursor by cleaving off a 20-residue propeptide; cleavage occurs within, or very close to, membranes	Organic Nitrogen	Peptidase	NA	Metallo-endopeptidases	1	M	0.587	dsDNAphage	117300	2	14.3	14.3	117300	No	NA	124	1	67	High-quality	High-quality	100	HMM-based (lower-bound)	0	1	NA
Contig52159389||full_44	Contig52159389||full	K02967	small subunit ribosomal protein S2	MISC	Information systems	NA	Ribosome, bacteria	1	M	0.587	dsDNAphage	117300	2	14.3	14.3	117300	No	NA	124	1	67	High-quality	High-quality	100	HMM-based (lower-bound)	0	1	NA
Contig52159389||full_44	Contig52159389||full	K02967	small subunit ribosomal protein S2	MISC	Information systems	NA	Ribosome, archaea	1	M	0.587	dsDNAphage	117300	2	14.3	14.3	117300	No	NA	124	1	67	High-quality	High-quality	100	HMM-based (lower-bound)	0	1	NA
Contig52159389||full_80	Contig52159389||full	K02004	ABC.CD.P;	Transporters	NA	NA	Putative ABC transport system	1	M	0.587	dsDNAphage	117300	2	14.3	14.3	117300	No	NA	124	1	67	High-quality	High-quality	100	HMM-based (lower-bound)	0	1	NA
Contig52159389||full_81	Contig52159389||full	K02003	ABC.CD.A;	Transporters	NA	NA	Putative ABC transport system	1	M	0.587	dsDNAphage	117300	2	14.3	14.3	117300	No	NA	124	1	67	High-quality	High-quality	100	HMM-based (lower-bound)	0	1	NA
Contig52159389||full_114	Contig52159389||full	K02935	large subunit ribosomal protein L7/L12	MISC	Information systems	NA	Ribosome, bacteria	1	M	0.587	dsDNAphage	117300	2	14.3	14.3	117300	No	NA	124	1	67	High-quality	High-quality	100	HMM-based (lower-bound)	0	1	NA
Contig52159389||full_115	Contig52159389||full	K02864	large subunit ribosomal protein L10	MISC	Information systems	NA	Ribosome, bacteria	1	M	0.587	dsDNAphage	117300	2	14.3	14.3	117300	No	NA	124	1	67	High-quality	High-quality	100	HMM-based (lower-bound)	0	1	NA
Contig52159389||full_115	Contig52159389||full	K02864	large subunit ribosomal protein L10	MISC	Information systems	NA	Ribosome, archaea	1	M	0.587	dsDNAphage	117300	2	14.3	14.3	117300	No	NA	124	1	67	High-quality	High-quality	100	HMM-based (lower-bound)	0	1	NA
Contig52159389||full_121	Contig52159389||full	K02913	large subunit ribosomal protein L33	MISC	Information systems	NA	Ribosome, bacteria	1	MF	0.587	dsDNAphage	117300	2	14.3	14.3	117300	No	NA	124	1	67	High-quality	High-quality	100	HMM-based (lower-bound)	0	1	NA
Contig52397181||full_36	Contig52397181||full	NA	NA	NA	NA	NA	NA	2	MK	1	dsDNAphage	100078	3	23	3.2	100078	No	NA	126	13	2	High-quality	High-quality	100	AAI-based (high-confidence)	0	1	NA
Contig52397181||full_59	Contig52397181||full	NA	NA	NA	NA	NA	NA	2	MK	1	dsDNAphage	100078	3	23	3.2	100078	No	NA	126	13	2	High-quality	High-quality	100	AAI-based (high-confidence)	0	1	NA
Contig53353406||full_93	Contig53353406||full	NA	NA	NA	NA	NA	NA	2	MK	0.967	dsDNAphage	72017	2	26	2.1	72017	No	NA	96	4	1	High-quality	High-quality	100	AAI-based (medium-confidence)	0	1	NA
Contig56001564||full_37	Contig56001564||full	K01520	dUTP pyrophosphatase [EC:3.6.1.23] [RN:R02100]	MISC	Information systems	Nucleotide	Pyrimidine deoxyribonuleotide biosynthesis, CDP/CTP => dCDP/dCTP,dTDP/dTTP	1	M	1	dsDNAphage	87610	4	23.4	2.5	87610	No	NA	154	18	2	High-quality	High-quality	100	AAI-based (medium-confidence)	0	1	NA
Contig56001564||full_104	Contig56001564||full	NA	NA	NA	NA	NA	NA	1	MK	1	dsDNAphage	87610	4	23.4	2.5	87610	No	NA	154	18	2	High-quality	High-quality	100	AAI-based (medium-confidence)	0	1	NA
Contig58755042||full_25	Contig58755042||full	NA	NA	NA	NA	NA	NA	2	MK	1	dsDNAphage	42299	3	30	1.4	42299	No	NA	70	12	1	High-quality	High-quality	93.56	AAI-based (medium-confidence)	0	1	NA
Contig59085900||full_19	Contig59085900||full	NA	NA	NA	NA	NA	NA	2	MK	1	dsDNAphage	144159	10	24.2	1.6	144159	No	NA	186	15	5	High-quality	High-quality	91.16	HMM-based (lower-bound)	0	1	NA
Contig59085900||full_166	Contig59085900||full	K01494	dCTP deaminase [EC:3.5.4.13] [RN:R02325]	MISC	Information systems	Nucleotide	Pyrimidine deoxyribonuleotide biosynthesis, CDP/CTP => dCDP/dCTP,dTDP/dTTP	2	M	1	dsDNAphage	144159	10	24.2	1.6	144159	No	NA	186	15	5	High-quality	High-quality	91.16	HMM-based (lower-bound)	0	1	NA
Contig59135421||full_225	Contig59135421||full	NA	NA	NA	NA	NA	NA	1	MKT	0.993	dsDNAphage	224591	9	23	1.6	224591	No	NA	397	32	13	High-quality	High-quality	93.62	HMM-based (lower-bound)	0	1	NA
Contig59135421||full_226	Contig59135421||full	NA	NA	NA	NA	NA	NA	1	MKT	0.993	dsDNAphage	224591	9	23	1.6	224591	No	NA	397	32	13	High-quality	High-quality	93.62	HMM-based (lower-bound)	0	1	NA
Contig59135421||full_233	Contig59135421||full	NA	NA	NA	NA	NA	NA	1	MKT	0.993	dsDNAphage	224591	9	23	1.6	224591	No	NA	397	32	13	High-quality	High-quality	93.62	HMM-based (lower-bound)	0	1	NA
Contig59425896||full_3	Contig59425896||full	NA	NA	NA	NA	NA	NA	2	MKF	1	dsDNAphage	92554	10	40.7	2.8	92554	Yes	86127	145	24	7	High-quality	High-quality	92.86	AAI-based (medium-confidence)	6.94	1	NA
Contig59592305||full_68	Contig59592305||full	K01939	adenylosuccinate synthase [EC:6.3.4.4] [RN:R01135]	MISC	Information systems	Nucleotide	Adenine ribonucleotide biosynthesis, IMP => ADP,ATP	1	M	0.993	dsDNAphage	71747	4	33.9	0.9	71747	No	NA	110	20	2	High-quality	High-quality	100	AAI-based (high-confidence)	0	1	NA
Contig60208693||full_104	Contig60208693||full	NA	NA	NA	NA	NA	NA	2	MK	0.98	dsDNAphage	95496	3	21.5	3.5	95496	No	NA	144	16	2	High-quality	High-quality	99.88	AAI-based (high-confidence)	0	1	NA
Contig60208693||full_108	Contig60208693||full	K01520	dUTP pyrophosphatase [EC:3.6.1.23] [RN:R02100]	MISC	Information systems	Nucleotide	Pyrimidine deoxyribonuleotide biosynthesis, CDP/CTP => dCDP/dCTP,dTDP/dTTP	2	M	0.98	dsDNAphage	95496	3	21.5	3.5	95496	No	NA	144	16	2	High-quality	High-quality	99.88	AAI-based (high-confidence)	0	1	NA
Contig60208693||full_120	Contig60208693||full	K01939	adenylosuccinate synthase [EC:6.3.4.4] [RN:R01135]	MISC	Information systems	Nucleotide	Adenine ribonucleotide biosynthesis, IMP => ADP,ATP	2	M	0.98	dsDNAphage	95496	3	21.5	3.5	95496	No	NA	144	16	2	High-quality	High-quality	99.88	AAI-based (high-confidence)	0	1	NA
Contig60261127||full_12	Contig60261127||full	K01939	adenylosuccinate synthase [EC:6.3.4.4] [RN:R01135]	MISC	Information systems	Nucleotide	Adenine ribonucleotide biosynthesis, IMP => ADP,ATP	2	M	0.993	dsDNAphage	71040	2	39.8	0	71040	No	NA	108	18	0	High-quality	High-quality	100	AAI-based (medium-confidence)	0	1	NA
Contig62801022||full_21	Contig62801022||full	NA	NA	NA	NA	NA	NA	1	MK	0.993	dsDNAphage	38652	2	31.6	1.8	38652	No	NA	58	9	3	Complete	High-quality	100	DTR (high-confidence)	0	1	NA
Contig63117449||full_31	Contig63117449||full	K00558	DNA (cytosine-5-)-methyltransferase [EC:2.1.1.37] [RN:R04858]	Organic Nitrogen	Amino Acid	NA	Methionine degradation	1	M	1	dsDNAphage	48876	10	36.6	1.4	48876	No	NA	71	20	0	High-quality	High-quality	100	AAI-based (medium-confidence)	0	1	NA
Contig63408416||full_22	Contig63408416||full	NA	NA	NA	NA	NA	NA	2	MK	1	dsDNAphage	47199	3	46.7	1.3	47199	No	NA	76	15	3	High-quality	High-quality	96.99	AAI-based (medium-confidence)	0	1	NA
Contig63408416||full_72	Contig63408416||full	NA	NA	NA	NA	NA	NA	2	MKF	1	dsDNAphage	47199	3	46.7	1.3	47199	No	NA	76	15	3	High-quality	High-quality	96.99	AAI-based (medium-confidence)	0	1	NA
Contig63580391||full_67	Contig63580391||full	NA	NA	NA	NA	NA	NA	1	MK	1	dsDNAphage	54756	5	31.3	4.8	54756	No	NA	83	16	3	High-quality	High-quality	92.61	AAI-based (medium-confidence)	0	1	NA
Contig63580391||full_69	Contig63580391||full	NA	NA	NA	NA	NA	NA	1	MK	1	dsDNAphage	54756	5	31.3	4.8	54756	No	NA	83	16	3	High-quality	High-quality	92.61	AAI-based (medium-confidence)	0	1	NA
Contig63635576||full_143	Contig63635576||full	K01520	dUTP pyrophosphatase [EC:3.6.1.23] [RN:R02100]	MISC	Information systems	Nucleotide	Pyrimidine deoxyribonuleotide biosynthesis, CDP/CTP => dCDP/dCTP,dTDP/dTTP	2	MF	0.993	dsDNAphage	85189	1	19	1.3	85189	No	NA	159	14	2	High-quality	High-quality	98.34	AAI-based (medium-confidence)	0	1	NA
Contig65869071||full_48	Contig65869071||full	K01945	phosphoribosylamine--glycine ligase [EC:6.3.4.13] [RN:R04144]	MISC	Information systems	Nucleotide	Inosine monophosphate biosynthesis, PRPP + glutamine => IMP	2	M	0.993	dsDNAphage	45351	4	25.8	3.2	45351	No	NA	62	7	3	High-quality	High-quality	100	AAI-based (medium-confidence)	0	1	NA
Contig66083496||full_153	Contig66083496||full	GH5	GH5 endo-beta-1,4-glucanase / cellulase (EC 3.2.1.4); endo-beta-1,4-xylanase (EC 3.2.1.8); beta-glucosidase (EC 3.2.1.21); beta-mannosidase (EC 3.2.1.25); beta-glucosylceramidase (EC 3.2.1.45); glucan beta-1,3-glucosidase (EC 3.2.1.58); licheninase (EC 3.2.1.73); exo-beta-1,4-glucanase / cellodextrinase (EC 3.2.1.74); glucan endo-1,6-beta-glucosidase (EC 3.2.1.75); mannan endo-beta-1,4-mannosidase (EC 3.2.1.78); cellulose beta-1,4-cellobiosidase (EC 3.2.1.91); steryl beta-glucosidase (EC 3.2.1.104); endoglycoceramidase (EC 3.2.1.123); chitosanase (EC 3.2.1.132); beta-primeverosidase (EC 3.2.1.149); xyloglucan-specific endo-beta-1,4-glucanase (EC 3.2.1.151); endo-beta-1,6-galactanase (EC 3.2.1.164); hesperidin 6-O-alpha-L-rhamnosyl-beta-glucosidase (EC 3.2.1.168); beta-1,3-mannanase (EC 3.2.1.-); arabinoxylan-specific endo-beta-1,4-xylanase (EC 3.2.1.-); mannan transglycosylase (EC 2.4.1.-); lichenase / endo-beta-1,3-1,4-glucanase (EC 3.2.1.73); beta-glycosidase (EC 3.2.1.-); endo-beta-1,3-glucanase / laminarinase (EC 3.2.1.39); beta-N-acetylhexosaminidase (EC 3.2.1.52); chitosanase (EC 3.2.1.132); beta-D-galactofuranosidase (EC 3.2.1.146);	carbon utilization	CAZY	Amorphous Cellulose Backbone Cleavage, Amorphous Cellulose Oligo Cleavage, Xyloglucan Backbone Cleavage (Hemicellulose), Xylan Backbone Cleavage (Hemicellulose), Beta-mannan Backbone Cleavage (Hemicellulose), Mixed-Linkage glucans Backbone Cleavage (Hemicellulose), Chitin Oligo Cleavage	Glycoside Hydrolases	1	MKE	0.993	dsDNAphage	113188	10	27.5	2.7	113188	No	NA	182	22	0	High-quality	High-quality	100	AAI-based (medium-confidence)	0	1	NA
Contig68584382||full_79	Contig68584382||full	NA	NA	NA	NA	NA	NA	2	MK	1	dsDNAphage	93486	3	25.7	2.2	93486	No	NA	136	13	7	High-quality	High-quality	100	AAI-based (high-confidence)	0	1	NA
Contig68686550||full_40	Contig68686550||full	K01520	dUTP pyrophosphatase [EC:3.6.1.23] [RN:R02100]	MISC	Information systems	Nucleotide	Pyrimidine deoxyribonuleotide biosynthesis, CDP/CTP => dCDP/dCTP,dTDP/dTTP	1	M	0.993	dsDNAphage	46842	10	42.5	0	46842	No	NA	73	25	1	High-quality	High-quality	100	AAI-based (medium-confidence)	0	1	NA
Contig69422512||full_7	Contig69422512||full	K01494	dCTP deaminase [EC:3.5.4.13] [RN:R02325]	MISC	Information systems	Nucleotide	Pyrimidine deoxyribonuleotide biosynthesis, CDP/CTP => dCDP/dCTP,dTDP/dTTP	2	MF	1	dsDNAphage	72091	11	47.3	1.1	72091	No	NA	92	26	1	High-quality	High-quality	93.27	AAI-based (medium-confidence)	0	1	NA
Contig69422512||full_85	Contig69422512||full	NA	NA	NA	NA	NA	NA	1	MK	1	dsDNAphage	72091	11	47.3	1.1	72091	No	NA	92	26	1	High-quality	High-quality	93.27	AAI-based (medium-confidence)	0	1	NA
Contig70763265||full_16	Contig70763265||full	K00558	DNA (cytosine-5-)-methyltransferase [EC:2.1.1.37] [RN:R04858]	Organic Nitrogen	Amino Acid	NA	Methionine degradation	2	MT	0.993	dsDNAphage	52735	9	49.4	7.4	52735	No	NA	81	19	3	High-quality	High-quality	100	AAI-based (medium-confidence)	0	1	NA
Contig70763265||full_69	Contig70763265||full	NA	NA	NA	NA	NA	NA	2	MKT	0.993	dsDNAphage	52735	9	49.4	7.4	52735	No	NA	81	19	3	High-quality	High-quality	100	AAI-based (medium-confidence)	0	1	NA
Contig7162542||full_44	Contig7162542||full	NA	NA	NA	NA	NA	NA	1	MK	1	dsDNAphage	106572	3	23.3	2.7	106572	No	NA	150	14	3	High-quality	High-quality	96.1	AAI-based (medium-confidence)	0	1	NA
Contig7162542||full_45	Contig7162542||full	NA	NA	NA	NA	NA	NA	1	MK	1	dsDNAphage	106572	3	23.3	2.7	106572	No	NA	150	14	3	High-quality	High-quality	96.1	AAI-based (medium-confidence)	0	1	NA
Contig7162542||full_48	Contig7162542||full	NA	NA	NA	NA	NA	NA	1	MK	1	dsDNAphage	106572	3	23.3	2.7	106572	No	NA	150	14	3	High-quality	High-quality	96.1	AAI-based (medium-confidence)	0	1	NA
Contig7162542||full_140	Contig7162542||full	K02935	large subunit ribosomal protein L7/L12	MISC	Information systems	NA	Ribosome, bacteria	2	MF	1	dsDNAphage	106572	3	23.3	2.7	106572	No	NA	150	14	3	High-quality	High-quality	96.1	AAI-based (medium-confidence)	0	1	NA
Contig71648242||full_78	Contig71648242||full	NA	NA	NA	NA	NA	NA	1	MK	1	dsDNAphage	125163	4	18.4	1	125163	No	NA	208	17	3	High-quality	High-quality	93.25	HMM-based (lower-bound)	0	1	NA
Contig73111104||full_88	Contig73111104||full	K01520	dUTP pyrophosphatase [EC:3.6.1.23] [RN:R02100]	MISC	Information systems	Nucleotide	Pyrimidine deoxyribonuleotide biosynthesis, CDP/CTP => dCDP/dCTP,dTDP/dTTP	2	M	1	dsDNAphage	216263	14	22.8	2.3	216263	No	NA	311	22	11	High-quality	High-quality	100	AAI-based (high-confidence)	0	1	NA
Contig73111104||full_89	Contig73111104||full	K00943	dTMP kinase [EC:2.7.4.9] [RN:R02094]	MISC	Information systems	Nucleotide	Pyrimidine deoxyribonuleotide biosynthesis, CDP/CTP => dCDP/dCTP,dTDP/dTTP	2	M	1	dsDNAphage	216263	14	22.8	2.3	216263	No	NA	311	22	11	High-quality	High-quality	100	AAI-based (high-confidence)	0	1	NA
Contig73111104||full_260	Contig73111104||full	GT2	GT2 cellulose synthase (EC 2.4.1.12); chitin synthase (EC 2.4.1.16); dolichyl-phosphate beta-D-mannosyltransferase (EC 2.4.1.83); dolichyl-phosphate beta-glucosyltransferase (EC 2.4.1.117); N-acetylglucosaminyltransferase (EC 2.4.1.-); N-acetylgalactosaminyltransferase (EC 2.4.1.-); hyaluronan synthase (EC 2.4.1.212); chitin oligosaccharide synthase (EC 2.4.1.-); beta-1,3-glucan synthase (EC 2.4.1.34); beta-1,4-mannan synthase (EC 2.4.1.-); beta-mannosylphosphodecaprenol-mannooligosaccharide alpha-1,6-mannosyltransferase (EC 2.4.1.199); UDP-Galf: rhamnopyranosyl-N-acetylglucosaminyl-PP-decaprenol beta-1,4/1,5-galactofuranosyltransferase (EC 2.4.1.287); UDP-Galf: galactofuranosyl-galactofuranosyl-rhamnosyl-N-acetylglucosaminyl-PP-decaprenol beta-1,5/1,6-galactofuranosyltransferase (EC 2.4.1.288); dTDP-L-Rha: N-acetylglucosaminyl-PP-decaprenol alpha-1,3-L-rhamnosyltransferase (EC 2.4.1.289)	carbon utilization	CAZY	NA	GlycosylTransferases	1	M	1	dsDNAphage	216263	14	22.8	2.3	216263	No	NA	311	22	11	High-quality	High-quality	100	AAI-based (high-confidence)	0	1	NA
Contig73111104||full_288	Contig73111104||full	NA	NA	NA	NA	NA	NA	1	MK	1	dsDNAphage	216263	14	22.8	2.3	216263	No	NA	311	22	11	High-quality	High-quality	100	AAI-based (high-confidence)	0	1	NA
Contig73397290||full_35	Contig73397290||full	NA	NA	NA	NA	NA	NA	1	MK	1	dsDNAphage	45934	4	37.5	0	45934	No	NA	73	18	1	High-quality	High-quality	100	AAI-based (medium-confidence)	0	1	NA
Contig73771185||full_103	Contig73771185||full	NA	NA	NA	NA	NA	NA	2	MK	1	dsDNAphage	110133	3	32.7	0.7	110133	No	NA	147	25	3	High-quality	High-quality	100	AAI-based (high-confidence)	0	1	NA
Contig75321901||full_75	Contig75321901||full	NA	NA	NA	NA	NA	NA	1	MKT	1	dsDNAphage	104015	5	26.8	3.2	104015	No	NA	157	23	2	High-quality	High-quality	100	AAI-based (medium-confidence)	0	1	contig >1.5x longer than expected genome length
Contig76224189||full_35	Contig76224189||full	K01945	phosphoribosylamine--glycine ligase [EC:6.3.4.13] [RN:R04144]	MISC	Information systems	Nucleotide	Inosine monophosphate biosynthesis, PRPP + glutamine => IMP	1	M	0.987	dsDNAphage	38462	5	40.7	1.9	38462	No	NA	55	16	0	High-quality	High-quality	100	AAI-based (high-confidence)	0	1	NA
Contig76805676||full_5	Contig76805676||full	K01992	ABC-2.P; ABC-2 type transport system permease protein	Transporters	NA	NA	ABC-2 type transport system	2	MF	0.993	dsDNAphage	115951	5	29.2	1.9	115951	No	NA	155	16	3	High-quality	High-quality	94.15	HMM-based (lower-bound)	0	1	NA
Contig76805676||full_74	Contig76805676||full	NA	NA	NA	NA	NA	NA	2	MK	0.993	dsDNAphage	115951	5	29.2	1.9	115951	No	NA	155	16	3	High-quality	High-quality	94.15	HMM-based (lower-bound)	0	1	NA
Contig76805676||full_77	Contig76805676||full	NA	NA	NA	NA	NA	NA	2	MK	0.993	dsDNAphage	115951	5	29.2	1.9	115951	No	NA	155	16	3	High-quality	High-quality	94.15	HMM-based (lower-bound)	0	1	NA
Contig76805676||full_80	Contig76805676||full	NA	NA	NA	NA	NA	NA	2	MK	0.993	dsDNAphage	115951	5	29.2	1.9	115951	No	NA	155	16	3	High-quality	High-quality	94.15	HMM-based (lower-bound)	0	1	NA
Contig76805676||full_83	Contig76805676||full	NA	NA	NA	NA	NA	NA	2	MK	0.993	dsDNAphage	115951	5	29.2	1.9	115951	No	NA	155	16	3	High-quality	High-quality	94.15	HMM-based (lower-bound)	0	1	NA
Contig76805676||full_84	Contig76805676||full	NA	NA	NA	NA	NA	NA	2	MK	0.993	dsDNAphage	115951	5	29.2	1.9	115951	No	NA	155	16	3	High-quality	High-quality	94.15	HMM-based (lower-bound)	0	1	NA
Contig76805676||full_91	Contig76805676||full	K01494	dCTP deaminase [EC:3.5.4.13] [RN:R02325]	MISC	Information systems	Nucleotide	Pyrimidine deoxyribonuleotide biosynthesis, CDP/CTP => dCDP/dCTP,dTDP/dTTP	2	M	0.993	dsDNAphage	115951	5	29.2	1.9	115951	No	NA	155	16	3	High-quality	High-quality	94.15	HMM-based (lower-bound)	0	1	NA
Contig77766519||full_36	Contig77766519||full	NA	NA	NA	NA	NA	NA	1	MK	0.993	dsDNAphage	49598	5	27.3	2.6	49598	No	NA	77	10	1	High-quality	High-quality	100	AAI-based (medium-confidence)	0	1	NA
Contig78200522||full_74	Contig78200522||full	K00560	thymidylate synthase [EC:2.1.1.45] [RN:R02101]	MISC	Information systems	Nucleotide	Pyrimidine deoxyribonuleotide biosynthesis, CDP/CTP => dCDP/dCTP,dTDP/dTTP	2	M	0.993	dsDNAphage	74463	4	32.4	1	74463	No	NA	102	15	2	High-quality	High-quality	100	AAI-based (medium-confidence)	0	1	NA
Contig78432571||full_53	Contig78432571||full	NA	NA	NA	NA	NA	NA	2	MK	1	dsDNAphage	85810	1	29.6	3	85810	No	NA	135	21	0	High-quality	High-quality	100	AAI-based (medium-confidence)	0	1	NA
Contig78432571||full_77	Contig78432571||full	K01520	dUTP pyrophosphatase [EC:3.6.1.23] [RN:R02100]	MISC	Information systems	Nucleotide	Pyrimidine deoxyribonuleotide biosynthesis, CDP/CTP => dCDP/dCTP,dTDP/dTTP	2	M	1	dsDNAphage	85810	1	29.6	3	85810	No	NA	135	21	0	High-quality	High-quality	100	AAI-based (medium-confidence)	0	1	NA
Contig78964859||full_13	Contig78964859||full	NA	NA	NA	NA	NA	NA	2	MK	1	dsDNAphage	60806	5	31.1	0	60806	No	NA	91	14	0	High-quality	High-quality	100	AAI-based (medium-confidence)	0	1	NA
Contig78989445||full_40	Contig78989445||full	NA	NA	NA	NA	NA	NA	2	MK	0.967	dsDNAphage	38486	2	23	4.9	38486	No	NA	61	8	1	High-quality	High-quality	95.12	AAI-based (medium-confidence)	0	1	NA
Contig79021513||full_69	Contig79021513||full	NA	NA	NA	NA	NA	NA	2	MKF	0.993	dsDNAphage	42094	2	27.4	2.7	42094	No	NA	73	6	1	Complete	High-quality	100	DTR (high-confidence)	0	1	NA
Contig79021513||full_70	Contig79021513||full	NA	NA	NA	NA	NA	NA	2	MKF	0.993	dsDNAphage	42094	2	27.4	2.7	42094	No	NA	73	6	1	Complete	High-quality	100	DTR (high-confidence)	0	1	NA
Contig79102250||full_29	Contig79102250||full	NA	NA	NA	NA	NA	NA	2	MK	1	dsDNAphage	100796	2	28.2	3.9	100796	No	NA	131	14	4	High-quality	High-quality	99.21	AAI-based (high-confidence)	0	1	NA
Contig79102250||full_54	Contig79102250||full	K02935	large subunit ribosomal protein L7/L12	MISC	Information systems	NA	Ribosome, bacteria	2	M	1	dsDNAphage	100796	2	28.2	3.9	100796	No	NA	131	14	4	High-quality	High-quality	99.21	AAI-based (high-confidence)	0	1	NA
Contig79102250||full_86	Contig79102250||full	NA	NA	NA	NA	NA	NA	2	MK	1	dsDNAphage	100796	2	28.2	3.9	100796	No	NA	131	14	4	High-quality	High-quality	99.21	AAI-based (high-confidence)	0	1	NA
Contig79102250||full_88	Contig79102250||full	GT2	GT2 cellulose synthase (EC 2.4.1.12); chitin synthase (EC 2.4.1.16); dolichyl-phosphate beta-D-mannosyltransferase (EC 2.4.1.83); dolichyl-phosphate beta-glucosyltransferase (EC 2.4.1.117); N-acetylglucosaminyltransferase (EC 2.4.1.-); N-acetylgalactosaminyltransferase (EC 2.4.1.-); hyaluronan synthase (EC 2.4.1.212); chitin oligosaccharide synthase (EC 2.4.1.-); beta-1,3-glucan synthase (EC 2.4.1.34); beta-1,4-mannan synthase (EC 2.4.1.-); beta-mannosylphosphodecaprenol-mannooligosaccharide alpha-1,6-mannosyltransferase (EC 2.4.1.199); UDP-Galf: rhamnopyranosyl-N-acetylglucosaminyl-PP-decaprenol beta-1,4/1,5-galactofuranosyltransferase (EC 2.4.1.287); UDP-Galf: galactofuranosyl-galactofuranosyl-rhamnosyl-N-acetylglucosaminyl-PP-decaprenol beta-1,5/1,6-galactofuranosyltransferase (EC 2.4.1.288); dTDP-L-Rha: N-acetylglucosaminyl-PP-decaprenol alpha-1,3-L-rhamnosyltransferase (EC 2.4.1.289)	carbon utilization	CAZY	NA	GlycosylTransferases	2	M	1	dsDNAphage	100796	2	28.2	3.9	100796	No	NA	131	14	4	High-quality	High-quality	99.21	AAI-based (high-confidence)	0	1	NA
Contig79102250||full_91	Contig79102250||full	NA	NA	NA	NA	NA	NA	2	MK	1	dsDNAphage	100796	2	28.2	3.9	100796	No	NA	131	14	4	High-quality	High-quality	99.21	AAI-based (high-confidence)	0	1	NA
Contig79102250||full_92	Contig79102250||full	NA	NA	NA	NA	NA	NA	2	MK	1	dsDNAphage	100796	2	28.2	3.9	100796	No	NA	131	14	4	High-quality	High-quality	99.21	AAI-based (high-confidence)	0	1	NA
Contig79102250||full_94	Contig79102250||full	NA	NA	NA	NA	NA	NA	2	MK	1	dsDNAphage	100796	2	28.2	3.9	100796	No	NA	131	14	4	High-quality	High-quality	99.21	AAI-based (high-confidence)	0	1	NA
Contig8016591||full_73	Contig8016591||full	GH5	GH5 endo-beta-1,4-glucanase / cellulase (EC 3.2.1.4); endo-beta-1,4-xylanase (EC 3.2.1.8); beta-glucosidase (EC 3.2.1.21); beta-mannosidase (EC 3.2.1.25); beta-glucosylceramidase (EC 3.2.1.45); glucan beta-1,3-glucosidase (EC 3.2.1.58); licheninase (EC 3.2.1.73); exo-beta-1,4-glucanase / cellodextrinase (EC 3.2.1.74); glucan endo-1,6-beta-glucosidase (EC 3.2.1.75); mannan endo-beta-1,4-mannosidase (EC 3.2.1.78); cellulose beta-1,4-cellobiosidase (EC 3.2.1.91); steryl beta-glucosidase (EC 3.2.1.104); endoglycoceramidase (EC 3.2.1.123); chitosanase (EC 3.2.1.132); beta-primeverosidase (EC 3.2.1.149); xyloglucan-specific endo-beta-1,4-glucanase (EC 3.2.1.151); endo-beta-1,6-galactanase (EC 3.2.1.164); hesperidin 6-O-alpha-L-rhamnosyl-beta-glucosidase (EC 3.2.1.168); beta-1,3-mannanase (EC 3.2.1.-); arabinoxylan-specific endo-beta-1,4-xylanase (EC 3.2.1.-); mannan transglycosylase (EC 2.4.1.-); lichenase / endo-beta-1,3-1,4-glucanase (EC 3.2.1.73); beta-glycosidase (EC 3.2.1.-); endo-beta-1,3-glucanase / laminarinase (EC 3.2.1.39); beta-N-acetylhexosaminidase (EC 3.2.1.52); chitosanase (EC 3.2.1.132); beta-D-galactofuranosidase (EC 3.2.1.146);	carbon utilization	CAZY	Amorphous Cellulose Backbone Cleavage, Amorphous Cellulose Oligo Cleavage, Xyloglucan Backbone Cleavage (Hemicellulose), Xylan Backbone Cleavage (Hemicellulose), Beta-mannan Backbone Cleavage (Hemicellulose), Mixed-Linkage glucans Backbone Cleavage (Hemicellulose), Chitin Oligo Cleavage	Glycoside Hydrolases	1	MKE	0.987	dsDNAphage	61424	5	24.2	4	61424	No	NA	99	13	2	High-quality	High-quality	100	AAI-based (high-confidence)	0	1	NA
Contig80212091||full_32	Contig80212091||full	NA	NA	NA	NA	NA	NA	2	MK	1	dsDNAphage	62998	3	30.5	2.4	62998	No	NA	83	9	1	High-quality	High-quality	97.97	AAI-based (medium-confidence)	0	1	NA
Contig81067317||full_13	Contig81067317||full	NA	NA	NA	NA	NA	NA	2	MK	1	dsDNAphage	42840	2	25	2.9	42840	No	NA	68	12	2	High-quality	High-quality	97.69	AAI-based (medium-confidence)	0	1	NA
Contig81864844||full_12	Contig81864844||full	K00558	DNA (cytosine-5-)-methyltransferase [EC:2.1.1.37] [RN:R04858]	Organic Nitrogen	Amino Acid	NA	Methionine degradation	2	MF	1	dsDNAphage	43659	1	17.4	4.3	43659	No	NA	69	5	1	High-quality	High-quality	92.59	AAI-based (medium-confidence)	0	1	NA
Contig81974069||full_97	Contig81974069||full	K01939	adenylosuccinate synthase [EC:6.3.4.4] [RN:R01135]	MISC	Information systems	Nucleotide	Adenine ribonucleotide biosynthesis, IMP => ADP,ATP	1	M	1	dsDNAphage	134729	2	18.8	0	134729	No	NA	223	9	4	High-quality	High-quality	90.08	HMM-based (lower-bound)	0	1	NA
Contig81974069||full_149	Contig81974069||full	NA	NA	NA	NA	NA	NA	1	MK	1	dsDNAphage	134729	2	18.8	0	134729	No	NA	223	9	4	High-quality	High-quality	90.08	HMM-based (lower-bound)	0	1	NA
Contig85853890||full_88	Contig85853890||full	NA	NA	NA	NA	NA	NA	2	MK	1	dsDNAphage	74178	5	26.8	0.9	74178	No	NA	113	17	1	High-quality	High-quality	100	AAI-based (medium-confidence)	0	1	NA
Contig86749660||full_9	Contig86749660||full	K01939	adenylosuccinate synthase [EC:6.3.4.4] [RN:R01135]	MISC	Information systems	Nucleotide	Adenine ribonucleotide biosynthesis, IMP => ADP,ATP	1	M	0.98	dsDNAphage	72352	4	34.9	0	72352	No	NA	109	21	0	High-quality	High-quality	100	AAI-based (high-confidence)	0	1	NA
Contig8743130||full_59	Contig8743130||full	NA	NA	NA	NA	NA	NA	1	MK	0.84	dsDNAphage	81579	5	13.9	12	81579	Yes	54594	108	11	12	High-quality	High-quality	95.06	AAI-based (medium-confidence)	33.08	1	NA
Contig88444615||full_32	Contig88444615||full	NA	NA	NA	NA	NA	NA	2	MK	1	dsDNAphage	52481	1	32.3	3.1	52481	No	NA	66	4	4	High-quality	High-quality	94.09	AAI-based (medium-confidence)	0	1	NA
Contig89850351||full_138	Contig89850351||full	NA	NA	NA	NA	NA	NA	1	MKT	0.993	dsDNAphage	74493	15	28.9	2	74493	No	NA	152	32	1	High-quality	High-quality	93.52	HMM-based (lower-bound)	0	1	NA
Contig90179451||full_56	Contig90179451||full	NA	NA	NA	NA	NA	NA	2	MKE	0.993	dsDNAphage	95481	2	20.9	2.3	95481	Yes	92975	129	12	4	High-quality	High-quality	90.37	HMM-based (lower-bound)	2.62	1	NA
Contig90179451||full_125	Contig90179451||full	K00558	DNA (cytosine-5-)-methyltransferase [EC:2.1.1.37] [RN:R04858]	Organic Nitrogen	Amino Acid	NA	Methionine degradation	2	MF	0.993	dsDNAphage	95481	2	20.9	2.3	95481	Yes	92975	129	12	4	High-quality	High-quality	90.37	HMM-based (lower-bound)	2.62	1	NA
Contig90455972||full_79	Contig90455972||full	K00943	dTMP kinase [EC:2.7.4.9] [RN:R02094]	MISC	Information systems	Nucleotide	Pyrimidine deoxyribonuleotide biosynthesis, CDP/CTP => dCDP/dCTP,dTDP/dTTP	1	M	1	dsDNAphage	208063	10	24.6	3.6	208063	No	NA	277	19	11	High-quality	High-quality	96.58	AAI-based (medium-confidence)	0	1	NA
Contig90455972||full_130	Contig90455972||full	NA	NA	NA	NA	NA	NA	1	MK	1	dsDNAphage	208063	10	24.6	3.6	208063	No	NA	277	19	11	High-quality	High-quality	96.58	AAI-based (medium-confidence)	0	1	NA
Contig90455972||full_189	Contig90455972||full	K01939	adenylosuccinate synthase [EC:6.3.4.4] [RN:R01135]	MISC	Information systems	Nucleotide	Adenine ribonucleotide biosynthesis, IMP => ADP,ATP	1	M	1	dsDNAphage	208063	10	24.6	3.6	208063	No	NA	277	19	11	High-quality	High-quality	96.58	AAI-based (medium-confidence)	0	1	NA
Contig90514614||full_53	Contig90514614||full	NA	NA	NA	NA	NA	NA	2	MK	0.993	dsDNAphage	81482	1	26.4	3.8	81482	No	NA	106	11	2	High-quality	High-quality	100	AAI-based (medium-confidence)	0	1	NA
Contig91243410||full_120	Contig91243410||full	NA	NA	NA	NA	NA	NA	1	MK	0.96	dsDNAphage	114408	5	16.7	6.1	114408	No	NA	180	14	9	High-quality	High-quality	90.53	HMM-based (lower-bound)	0	1	NA
Contig91422873||full_6	Contig91422873||full	K00943	dTMP kinase [EC:2.7.4.9] [RN:R02094]	MISC	Information systems	Nucleotide	Pyrimidine deoxyribonuleotide biosynthesis, CDP/CTP => dCDP/dCTP,dTDP/dTTP	2	MF	1	dsDNAphage	66694	4	31.8	3.4	66694	No	NA	89	16	3	High-quality	High-quality	100	AAI-based (medium-confidence)	0	1	NA
Contig98220822||full_29	Contig98220822||full	NA	NA	NA	NA	NA	NA	1	MK	1	dsDNAphage	70119	4	31.2	2.7	70119	No	NA	112	17	1	High-quality	High-quality	100	AAI-based (high-confidence)	0	1	NA
Contig98839058||full_51	Contig98839058||full	K02935	large subunit ribosomal protein L7/L12	MISC	Information systems	NA	Ribosome, bacteria	1	M	0.987	dsDNAphage	172811	8	30.5	4.3	172811	No	NA	211	23	6	High-quality	High-quality	100	AAI-based (medium-confidence)	0	1	NA
Contig98839058||full_74	Contig98839058||full	NA	NA	NA	NA	NA	NA	1	MK	0.987	dsDNAphage	172811	8	30.5	4.3	172811	No	NA	211	23	6	High-quality	High-quality	100	AAI-based (medium-confidence)	0	1	NA
Contig98839058||full_133	Contig98839058||full	NA	NA	NA	NA	NA	NA	1	MK	0.987	dsDNAphage	172811	8	30.5	4.3	172811	No	NA	211	23	6	High-quality	High-quality	100	AAI-based (medium-confidence)	0	1	NA
Contig98839058||full_170	Contig98839058||full	NA	NA	NA	NA	NA	NA	2	MK	0.987	dsDNAphage	172811	8	30.5	4.3	172811	No	NA	211	23	6	High-quality	High-quality	100	AAI-based (medium-confidence)	0	1	NA
Contig98839058||full_190	Contig98839058||full	NA	NA	NA	NA	NA	NA	2	MK	0.987	dsDNAphage	172811	8	30.5	4.3	172811	No	NA	211	23	6	High-quality	High-quality	100	AAI-based (medium-confidence)	0	1	NA
Contig99306704||full_59	Contig99306704||full	GT2	GT2 cellulose synthase (EC 2.4.1.12); chitin synthase (EC 2.4.1.16); dolichyl-phosphate beta-D-mannosyltransferase (EC 2.4.1.83); dolichyl-phosphate beta-glucosyltransferase (EC 2.4.1.117); N-acetylglucosaminyltransferase (EC 2.4.1.-); N-acetylgalactosaminyltransferase (EC 2.4.1.-); hyaluronan synthase (EC 2.4.1.212); chitin oligosaccharide synthase (EC 2.4.1.-); beta-1,3-glucan synthase (EC 2.4.1.34); beta-1,4-mannan synthase (EC 2.4.1.-); beta-mannosylphosphodecaprenol-mannooligosaccharide alpha-1,6-mannosyltransferase (EC 2.4.1.199); UDP-Galf: rhamnopyranosyl-N-acetylglucosaminyl-PP-decaprenol beta-1,4/1,5-galactofuranosyltransferase (EC 2.4.1.287); UDP-Galf: galactofuranosyl-galactofuranosyl-rhamnosyl-N-acetylglucosaminyl-PP-decaprenol beta-1,5/1,6-galactofuranosyltransferase (EC 2.4.1.288); dTDP-L-Rha: N-acetylglucosaminyl-PP-decaprenol alpha-1,3-L-rhamnosyltransferase (EC 2.4.1.289)	carbon utilization	CAZY	NA	GlycosylTransferases	2	M	0.993	dsDNAphage	60984	5	27.1	1	60984	No	NA	96	9	1	High-quality	High-quality	100	AAI-based (medium-confidence)	0	1	NA
Contig99453606||full_30	Contig99453606||full	NA	NA	NA	NA	NA	NA	1	MK	1	dsDNAphage	66695	9	27.4	0.9	66695	No	NA	113	12	1	High-quality	High-quality	93.45	AAI-based (high-confidence)	0	1	NA
Contig99511885||full_79	Contig99511885||full	NA	NA	NA	NA	NA	NA	1	MK	1	dsDNAphage	346595	23	31.4	2.7	346595	No	NA	582	94	14	High-quality	High-quality	92.49	HMM-based (lower-bound)	0	1	NA
Contig99511885||full_163	Contig99511885||full	K00560	thymidylate synthase [EC:2.1.1.45] [RN:R02101]	MISC	Information systems	Nucleotide	Pyrimidine deoxyribonuleotide biosynthesis, CDP/CTP => dCDP/dCTP,dTDP/dTTP	1	M	1	dsDNAphage	346595	23	31.4	2.7	346595	No	NA	582	94	14	High-quality	High-quality	92.49	HMM-based (lower-bound)	0	1	NA
Contig99511885||full_168	Contig99511885||full	NA	NA	NA	NA	NA	NA	1	MK	1	dsDNAphage	346595	23	31.4	2.7	346595	No	NA	582	94	14	High-quality	High-quality	92.49	HMM-based (lower-bound)	0	1	NA
Contig99511885||full_190	Contig99511885||full	NA	NA	NA	NA	NA	NA	1	MK	1	dsDNAphage	346595	23	31.4	2.7	346595	No	NA	582	94	14	High-quality	High-quality	92.49	HMM-based (lower-bound)	0	1	NA
Contig99511885||full_220	Contig99511885||full	NA	NA	NA	NA	NA	NA	1	MK	1	dsDNAphage	346595	23	31.4	2.7	346595	No	NA	582	94	14	High-quality	High-quality	92.49	HMM-based (lower-bound)	0	1	NA
Contig99511885||full_248	Contig99511885||full	NA	NA	NA	NA	NA	NA	1	MK	1	dsDNAphage	346595	23	31.4	2.7	346595	No	NA	582	94	14	High-quality	High-quality	92.49	HMM-based (lower-bound)	0	1	NA
Contig99511885||full_523	Contig99511885||full	NA	NA	NA	NA	NA	NA	1	MK	1	dsDNAphage	346595	23	31.4	2.7	346595	No	NA	582	94	14	High-quality	High-quality	92.49	HMM-based (lower-bound)	0	1	NA
Contig99511885||full_547	Contig99511885||full	K02913	large subunit ribosomal protein L33	MISC	Information systems	NA	Ribosome, bacteria	1	M	1	dsDNAphage	346595	23	31.4	2.7	346595	No	NA	582	94	14	High-quality	High-quality	92.49	HMM-based (lower-bound)	0	1	NA
Contig99710712||full_20	Contig99710712||full	NA	NA	NA	NA	NA	NA	2	MK	0.987	dsDNAphage	38419	1	21.2	1.5	38419	No	NA	67	6	0	High-quality	High-quality	99.3	AAI-based (medium-confidence)	0	1	NA
Contig9973591||full_54	Contig9973591||full	K03464	muconolactone D-isomerase [EC:5.3.3.4] [RN:R06990]	carbon utilization	hydrocarbon degradation	NA	Catechol ortho-cleavage, catechol => 3-oxoadipate	2	M	0.973	dsDNAphage	139966	5	23.9	5	139966	No	NA	201	18	11	High-quality	High-quality	95.78	HMM-based (lower-bound)	0	1	NA
Contig9973591||full_75	Contig9973591||full	K00012	UGDH; UDP-Glc -> UDP-GlcA [EC:1.1.1.22]	MISC	Information systems	Nucleotide	Nucleotide sugar biosynthesis, eukaryotes	2	MK	0.973	dsDNAphage	139966	5	23.9	5	139966	No	NA	201	18	11	High-quality	High-quality	95.78	HMM-based (lower-bound)	0	1	NA
Contig9973591||full_75	Contig9973591||full	K00012	UDPglucose 6-dehydrogenase [EC:1.1.1.22] [RN:R00286]	MISC	MISC	NA	Glucuronate pathway (uronate pathway)	2	MK	0.973	dsDNAphage	139966	5	23.9	5	139966	No	NA	201	18	11	High-quality	High-quality	95.78	HMM-based (lower-bound)	0	1	NA
Contig9973591||full_90	Contig9973591||full	NA	NA	NA	NA	NA	NA	1	MKE	0.973	dsDNAphage	139966	5	23.9	5	139966	No	NA	201	18	11	High-quality	High-quality	95.78	HMM-based (lower-bound)	0	1	NA
Contig9973591||full_105	Contig9973591||full	NA	NA	NA	NA	NA	NA	1	MK	0.973	dsDNAphage	139966	5	23.9	5	139966	No	NA	201	18	11	High-quality	High-quality	95.78	HMM-based (lower-bound)	0	1	NA
Contig9973591||full_107	Contig9973591||full	NA	NA	NA	NA	NA	NA	1	MK	0.973	dsDNAphage	139966	5	23.9	5	139966	No	NA	201	18	11	High-quality	High-quality	95.78	HMM-based (lower-bound)	0	1	NA
Contig9973591||full_109	Contig9973591||full	NA	NA	NA	NA	NA	NA	1	MK	0.973	dsDNAphage	139966	5	23.9	5	139966	No	NA	201	18	11	High-quality	High-quality	95.78	HMM-based (lower-bound)	0	1	NA
Contig9973591||full_126	Contig9973591||full	NA	NA	NA	NA	NA	NA	1	MK	0.973	dsDNAphage	139966	5	23.9	5	139966	No	NA	201	18	11	High-quality	High-quality	95.78	HMM-based (lower-bound)	0	1	NA
