gene	scaffold	gene_id	gene_description	category	header	subheader	module	auxiliary_score	amg_flags
Contig100412797||full_26	Contig100412797||full	NA	NA	NA	NA	NA	NA	1	MK
Contig101385235||full_63	Contig101385235||full	NA	NA	NA	NA	NA	NA	2	MK
Contig102353810||full_23	Contig102353810||full	NA	NA	NA	NA	NA	NA	2	MK
Contig102651470||full_62	Contig102651470||full	K00943	dTMP kinase [EC:2.7.4.9] [RN:R02094]	MISC	Information systems	Nucleotide	Pyrimidine deoxyribonuleotide biosynthesis, CDP/CTP => dCDP/dCTP,dTDP/dTTP	3	MT
Contig103312358||full_47	Contig103312358||full	NA	NA	NA	NA	NA	NA	1	MK
Contig103393311||full_25	Contig103393311||full	NA	NA	NA	NA	NA	NA	2	MK
Contig104058907||full_39	Contig104058907||full	NA	NA	NA	NA	NA	NA	1	MK
Contig104058907||full_73	Contig104058907||full	NA	NA	NA	NA	NA	NA	2	MK
Contig104763881||full_51	Contig104763881||full	NA	NA	NA	NA	NA	NA	2	MK
Contig112467793||full_7	Contig112467793||full	K00943	dTMP kinase [EC:2.7.4.9] [RN:R02094]	MISC	Information systems	Nucleotide	Pyrimidine deoxyribonuleotide biosynthesis, CDP/CTP => dCDP/dCTP,dTDP/dTTP	1	MF
Contig112467793||full_87	Contig112467793||full	NA	NA	NA	NA	NA	NA	1	MK
Contig112467793||full_112	Contig112467793||full	K01520	dUTP pyrophosphatase [EC:3.6.1.23] [RN:R02100]	MISC	Information systems	Nucleotide	Pyrimidine deoxyribonuleotide biosynthesis, CDP/CTP => dCDP/dCTP,dTDP/dTTP	1	M
Contig112467793||full_136	Contig112467793||full	NA	NA	NA	NA	NA	NA	1	MK
Contig112467793||full_188	Contig112467793||full	NA	NA	NA	NA	NA	NA	1	MK
Contig112549460||full_43	Contig112549460||full	NA	NA	NA	NA	NA	NA	1	MK
Contig112642024||full_67	Contig112642024||full	K00943	dTMP kinase [EC:2.7.4.9] [RN:R02094]	MISC	Information systems	Nucleotide	Pyrimidine deoxyribonuleotide biosynthesis, CDP/CTP => dCDP/dCTP,dTDP/dTTP	1	M
Contig112642024||full_68	Contig112642024||full	K01494	dCTP deaminase [EC:3.5.4.13] [RN:R02325]	MISC	Information systems	Nucleotide	Pyrimidine deoxyribonuleotide biosynthesis, CDP/CTP => dCDP/dCTP,dTDP/dTTP	1	M
Contig112642024||full_137	Contig112642024||full	K09882	cobS; cobaltochelatase CobS [EC:6.6.1.2]	MISC	aerobic corrin ring synthesis	NA	Cobalamin biosynthesis, precorrin2 => cobinamide	2	M
Contig112642024||full_139	Contig112642024||full	K09883	cobT; cobaltochelatase CobT [EC:6.6.1.2]	MISC	aerobic corrin ring synthesis	NA	Cobalamin biosynthesis, precorrin2 => cobinamide	2	MK
Contig115671543||full_7	Contig115671543||full	NA	NA	NA	NA	NA	NA	2	MK
Contig116945720||full_78	Contig116945720||full	NA	NA	NA	NA	NA	NA	2	MK
Contig116945720||full_114	Contig116945720||full	NA	NA	NA	NA	NA	NA	2	MK
Contig116945720||full_121	Contig116945720||full	NA	NA	NA	NA	NA	NA	2	MK
Contig117273256||full_4	Contig117273256||full	NA	NA	NA	NA	NA	NA	2	MK
Contig117462305||full_117	Contig117462305||full	NA	NA	NA	NA	NA	NA	2	MK
Contig117463258||full_40	Contig117463258||full	NA	NA	NA	NA	NA	NA	2	MK
Contig118309958||full_44	Contig118309958||full	GT2	GT2 cellulose synthase (EC 2.4.1.12); chitin synthase (EC 2.4.1.16); dolichyl-phosphate beta-D-mannosyltransferase (EC 2.4.1.83); dolichyl-phosphate beta-glucosyltransferase (EC 2.4.1.117); N-acetylglucosaminyltransferase (EC 2.4.1.-); N-acetylgalactosaminyltransferase (EC 2.4.1.-); hyaluronan synthase (EC 2.4.1.212); chitin oligosaccharide synthase (EC 2.4.1.-); beta-1,3-glucan synthase (EC 2.4.1.34); beta-1,4-mannan synthase (EC 2.4.1.-); beta-mannosylphosphodecaprenol-mannooligosaccharide alpha-1,6-mannosyltransferase (EC 2.4.1.199); UDP-Galf: rhamnopyranosyl-N-acetylglucosaminyl-PP-decaprenol beta-1,4/1,5-galactofuranosyltransferase (EC 2.4.1.287); UDP-Galf: galactofuranosyl-galactofuranosyl-rhamnosyl-N-acetylglucosaminyl-PP-decaprenol beta-1,5/1,6-galactofuranosyltransferase (EC 2.4.1.288); dTDP-L-Rha: N-acetylglucosaminyl-PP-decaprenol alpha-1,3-L-rhamnosyltransferase (EC 2.4.1.289)	carbon utilization	CAZY	NA	GlycosylTransferases	1	MT
Contig121394450||full_59	Contig121394450||full	NA	NA	NA	NA	NA	NA	1	MK
Contig121505797||full_4	Contig121505797||full	K00558	DNA (cytosine-5-)-methyltransferase [EC:2.1.1.37] [RN:R04858]	Organic Nitrogen	Amino Acid	NA	Methionine degradation	2	MF
Contig122963533||full_63	Contig122963533||full	NA	NA	NA	NA	NA	NA	1	MK
Contig122963533||full_161	Contig122963533||full	K01494	dCTP deaminase [EC:3.5.4.13] [RN:R02325]	MISC	Information systems	Nucleotide	Pyrimidine deoxyribonuleotide biosynthesis, CDP/CTP => dCDP/dCTP,dTDP/dTTP	1	M
Contig123250987||full_4	Contig123250987||full	NA	NA	NA	NA	NA	NA	2	MKF
Contig123250987||full_33	Contig123250987||full	K00762	orotate phosphoribosyltransferase [EC:2.4.2.10] [RN:R01870]	MISC	Information systems	Nucleotide	Uridine monophosphate biosynthesis, glutamine (+ PRPP) => UMP	2	MK
Contig123250987||full_40	Contig123250987||full	K01520	dUTP pyrophosphatase [EC:3.6.1.23] [RN:R02100]	MISC	Information systems	Nucleotide	Pyrimidine deoxyribonuleotide biosynthesis, CDP/CTP => dCDP/dCTP,dTDP/dTTP	2	M
Contig123250987||full_102	Contig123250987||full	K01939	adenylosuccinate synthase [EC:6.3.4.4] [RN:R01135]	MISC	Information systems	Nucleotide	Adenine ribonucleotide biosynthesis, IMP => ADP,ATP	1	M
Contig123250987||full_236	Contig123250987||full	K00943	dTMP kinase [EC:2.7.4.9] [RN:R02094]	MISC	Information systems	Nucleotide	Pyrimidine deoxyribonuleotide biosynthesis, CDP/CTP => dCDP/dCTP,dTDP/dTTP	1	M
Contig123250987||full_246	Contig123250987||full	NA	NA	NA	NA	NA	NA	1	MK
Contig123250987||full_250	Contig123250987||full	K01494	dCTP deaminase [EC:3.5.4.13] [RN:R02325]	MISC	Information systems	Nucleotide	Pyrimidine deoxyribonuleotide biosynthesis, CDP/CTP => dCDP/dCTP,dTDP/dTTP	1	M
Contig123250987||full_251	Contig123250987||full	NA	NA	NA	NA	NA	NA	1	MK
Contig123250987||full_338	Contig123250987||full	NA	NA	NA	NA	NA	NA	2	MK
Contig125776507||full_23	Contig125776507||full	NA	NA	NA	NA	NA	NA	2	MK
Contig125776507||full_32	Contig125776507||full	NA	NA	NA	NA	NA	NA	2	MK
Contig125854478||full_28	Contig125854478||full	NA	NA	NA	NA	NA	NA	2	MK
Contig125854478||full_33	Contig125854478||full	NA	NA	NA	NA	NA	NA	2	MK
Contig125854478||full_58	Contig125854478||full	NA	NA	NA	NA	NA	NA	2	MK
Contig125854478||full_148	Contig125854478||full	K03464	muconolactone D-isomerase [EC:5.3.3.4] [RN:R06990]	carbon utilization	hydrocarbon degradation	NA	Catechol ortho-cleavage, catechol => 3-oxoadipate	2	M
Contig126378795||full_156	Contig126378795||full	NA	NA	NA	NA	NA	NA	2	MK
Contig126378795||full_167	Contig126378795||full	NA	NA	NA	NA	NA	NA	2	MKF
Contig131552658||full_67	Contig131552658||full	NA	NA	NA	NA	NA	NA	2	MK
Contig132645044||full_43	Contig132645044||full	NA	NA	NA	NA	NA	NA	2	MK
Contig133027361||full_41	Contig133027361||full	NA	NA	NA	NA	NA	NA	2	MK
Contig133027361||full_43	Contig133027361||full	NA	NA	NA	NA	NA	NA	2	MK
Contig133367609||full_89	Contig133367609||full	K02970	small subunit ribosomal protein S21	MISC	Information systems	NA	Ribosome, bacteria	1	M
Contig133367609||full_103	Contig133367609||full	NA	NA	NA	NA	NA	NA	1	MK
Contig133367609||full_108	Contig133367609||full	NA	NA	NA	NA	NA	NA	1	MK
Contig133367609||full_144	Contig133367609||full	NA	NA	NA	NA	NA	NA	1	MK
Contig133367609||full_198	Contig133367609||full	S51	Catlytic type: Serine; hydrolyses Asp-Xaa dipeptides in which Xaa is not Glu, Asn or Gln; nutritional function in bacteria	Organic Nitrogen	Peptidase	NA	Exopeptidases that hydrolyse alpha-aspartyl bonds	1	M
Contig133367609||full_230	Contig133367609||full	K01885	glutamyl-tRNA synthetase [EC:6.1.1.17] [RN:R05578]	MISC	Antibiotic Resistance	NA	Siroheme biosynthesis, glutamate => siroheme	1	MK
Contig133367609||full_230	Contig133367609||full	K01885	EARS; glutamyl-tRNA synthetase [EC:6.1.1.17]	MISC	Information systems	NA	Aminoacyl-tRNA biosynthesis, eukaryotes	1	MK
Contig133367609||full_245	Contig133367609||full	NA	NA	NA	NA	NA	NA	1	MK
Contig133367609||full_365	Contig133367609||full	NA	NA	NA	NA	NA	NA	1	MK
Contig133367609||full_378	Contig133367609||full	NA	NA	NA	NA	NA	NA	1	MK
Contig133367609||full_471	Contig133367609||full	K01520	dUTP pyrophosphatase [EC:3.6.1.23] [RN:R02100]	MISC	Information systems	Nucleotide	Pyrimidine deoxyribonuleotide biosynthesis, CDP/CTP => dCDP/dCTP,dTDP/dTTP	1	M
Contig133367609||full_478	Contig133367609||full	K00088	IMP dehydrogenase [EC:1.1.1.205] [RN:R01130]	MISC	Information systems	Nucleotide	Guanine ribonucleotide biosynthesis IMP => GDP,GTP	1	M
Contig133367609||full_493	Contig133367609||full	M24A	Catlytic type: Metallo; cleave the Met-Xaa (where Xaa is any amino acid) bond in the removal of the initiating N-terminal methionine from newly synthesized proteins; essential for the removal of the initiating methionine of many proteins, acting co-translationally in association with the ribosomes	Organic Nitrogen	Peptidase	NA	Exopeptidases that require co-catalytic ions of cobalt or manganese	1	M
Contig133367609||full_499	Contig133367609||full	NA	NA	NA	NA	NA	NA	1	MK
Contig133367609||full_528	Contig133367609||full	NA	NA	NA	NA	NA	NA	1	MK
Contig133367609||full_531	Contig133367609||full	GT2	GT2 cellulose synthase (EC 2.4.1.12); chitin synthase (EC 2.4.1.16); dolichyl-phosphate beta-D-mannosyltransferase (EC 2.4.1.83); dolichyl-phosphate beta-glucosyltransferase (EC 2.4.1.117); N-acetylglucosaminyltransferase (EC 2.4.1.-); N-acetylgalactosaminyltransferase (EC 2.4.1.-); hyaluronan synthase (EC 2.4.1.212); chitin oligosaccharide synthase (EC 2.4.1.-); beta-1,3-glucan synthase (EC 2.4.1.34); beta-1,4-mannan synthase (EC 2.4.1.-); beta-mannosylphosphodecaprenol-mannooligosaccharide alpha-1,6-mannosyltransferase (EC 2.4.1.199); UDP-Galf: rhamnopyranosyl-N-acetylglucosaminyl-PP-decaprenol beta-1,4/1,5-galactofuranosyltransferase (EC 2.4.1.287); UDP-Galf: galactofuranosyl-galactofuranosyl-rhamnosyl-N-acetylglucosaminyl-PP-decaprenol beta-1,5/1,6-galactofuranosyltransferase (EC 2.4.1.288); dTDP-L-Rha: N-acetylglucosaminyl-PP-decaprenol alpha-1,3-L-rhamnosyltransferase (EC 2.4.1.289)	carbon utilization	CAZY	NA	GlycosylTransferases	1	M
Contig133367609||full_532	Contig133367609||full	NA	NA	NA	NA	NA	NA	1	MK
Contig133367609||full_579	Contig133367609||full	NA	NA	NA	NA	NA	NA	1	MK
Contig134429416||full_20	Contig134429416||full	K00558	DNA (cytosine-5-)-methyltransferase [EC:2.1.1.37] [RN:R04858]	Organic Nitrogen	Amino Acid	NA	Methionine degradation	1	M
Contig136620972||full_54	Contig136620972||full	K01520	dUTP pyrophosphatase [EC:3.6.1.23] [RN:R02100]	MISC	Information systems	Nucleotide	Pyrimidine deoxyribonuleotide biosynthesis, CDP/CTP => dCDP/dCTP,dTDP/dTTP	2	M
Contig136620972||full_112	Contig136620972||full	K00088	IMP dehydrogenase [EC:1.1.1.205] [RN:R01130]	MISC	Information systems	Nucleotide	Guanine ribonucleotide biosynthesis IMP => GDP,GTP	1	MK
Contig136620972||full_189	Contig136620972||full	NA	NA	NA	NA	NA	NA	2	MK
Contig136669853||full_71	Contig136669853||full	NA	NA	NA	NA	NA	NA	1	MKT
Contig136669853||full_82	Contig136669853||full	NA	NA	NA	NA	NA	NA	1	MKET
Contig137760289||full_42	Contig137760289||full	NA	NA	NA	NA	NA	NA	2	MKT
Contig138168906||full_38	Contig138168906||full	NA	NA	NA	NA	NA	NA	2	MKE
Contig138168906||full_51	Contig138168906||full	NA	NA	NA	NA	NA	NA	1	MK
Contig138363403||full_91	Contig138363403||full	NA	NA	NA	NA	NA	NA	1	MK
Contig138363403||full_94	Contig138363403||full	NA	NA	NA	NA	NA	NA	1	MK
Contig139899753||full_310	Contig139899753||full	K01520	dUTP pyrophosphatase [EC:3.6.1.23] [RN:R02100]	MISC	Information systems	Nucleotide	Pyrimidine deoxyribonuleotide biosynthesis, CDP/CTP => dCDP/dCTP,dTDP/dTTP	1	MT
Contig139899753||full_316	Contig139899753||full	K00088	IMP dehydrogenase [EC:1.1.1.205] [RN:R01130]	MISC	Information systems	Nucleotide	Guanine ribonucleotide biosynthesis IMP => GDP,GTP	1	MT
Contig139899753||full_335	Contig139899753||full	M24A	Catlytic type: Metallo; cleave the Met-Xaa (where Xaa is any amino acid) bond in the removal of the initiating N-terminal methionine from newly synthesized proteins; essential for the removal of the initiating methionine of many proteins, acting co-translationally in association with the ribosomes	Organic Nitrogen	Peptidase	NA	Exopeptidases that require co-catalytic ions of cobalt or manganese	1	MT
Contig139899753||full_338	Contig139899753||full	NA	NA	NA	NA	NA	NA	1	MKT
Contig139899753||full_355	Contig139899753||full	NA	NA	NA	NA	NA	NA	1	MKT
Contig139899753||full_395	Contig139899753||full	NA	NA	NA	NA	NA	NA	1	MKT
Contig139899753||full_404	Contig139899753||full	NA	NA	NA	NA	NA	NA	1	MKT
Contig139899753||full_487	Contig139899753||full	K02970	small subunit ribosomal protein S21	MISC	Information systems	NA	Ribosome, bacteria	1	MT
Contig139899753||full_512	Contig139899753||full	NA	NA	NA	NA	NA	NA	1	MKT
Contig139899753||full_529	Contig139899753||full	NA	NA	NA	NA	NA	NA	1	MKT
Contig139899753||full_536	Contig139899753||full	NA	NA	NA	NA	NA	NA	1	MKT
Contig139899753||full_648	Contig139899753||full	S51	Catlytic type: Serine; hydrolyses Asp-Xaa dipeptides in which Xaa is not Glu, Asn or Gln; nutritional function in bacteria	Organic Nitrogen	Peptidase	NA	Exopeptidases that hydrolyse alpha-aspartyl bonds	1	MT
Contig139899753||full_664	Contig139899753||full	NA	NA	NA	NA	NA	NA	1	MKT
Contig139899753||full_763	Contig139899753||full	K01885	glutamyl-tRNA synthetase [EC:6.1.1.17] [RN:R05578]	MISC	Antibiotic Resistance	NA	Siroheme biosynthesis, glutamate => siroheme	2	MKT
Contig139899753||full_763	Contig139899753||full	K01885	EARS; glutamyl-tRNA synthetase [EC:6.1.1.17]	MISC	Information systems	NA	Aminoacyl-tRNA biosynthesis, eukaryotes	2	MKT
Contig139899753||full_768	Contig139899753||full	NA	NA	NA	NA	NA	NA	2	MKT
Contig14147263||full_14	Contig14147263||full	K01520	dUTP pyrophosphatase [EC:3.6.1.23] [RN:R02100]	MISC	Information systems	Nucleotide	Pyrimidine deoxyribonuleotide biosynthesis, CDP/CTP => dCDP/dCTP,dTDP/dTTP	2	M
Contig142298510||full_26	Contig142298510||full	K00558	DNA (cytosine-5-)-methyltransferase [EC:2.1.1.37] [RN:R04858]	Organic Nitrogen	Amino Acid	NA	Methionine degradation	1	M
Contig142746813||full_57	Contig142746813||full	NA	NA	NA	NA	NA	NA	2	MKF
Contig142949947||full_284	Contig142949947||full	K01520	dUTP pyrophosphatase [EC:3.6.1.23] [RN:R02100]	MISC	Information systems	Nucleotide	Pyrimidine deoxyribonuleotide biosynthesis, CDP/CTP => dCDP/dCTP,dTDP/dTTP	1	MT
Contig142949947||full_288	Contig142949947||full	NA	NA	NA	NA	NA	NA	1	MKT
Contig142949947||full_451	Contig142949947||full	K01494	dCTP deaminase [EC:3.5.4.13] [RN:R02325]	MISC	Information systems	Nucleotide	Pyrimidine deoxyribonuleotide biosynthesis, CDP/CTP => dCDP/dCTP,dTDP/dTTP	2	MT
Contig142949947||full_456	Contig142949947||full	K00943	dTMP kinase [EC:2.7.4.9] [RN:R02094]	MISC	Information systems	Nucleotide	Pyrimidine deoxyribonuleotide biosynthesis, CDP/CTP => dCDP/dCTP,dTDP/dTTP	2	MT
Contig143601366||full_223	Contig143601366||full	GT2	GT2 cellulose synthase (EC 2.4.1.12); chitin synthase (EC 2.4.1.16); dolichyl-phosphate beta-D-mannosyltransferase (EC 2.4.1.83); dolichyl-phosphate beta-glucosyltransferase (EC 2.4.1.117); N-acetylglucosaminyltransferase (EC 2.4.1.-); N-acetylgalactosaminyltransferase (EC 2.4.1.-); hyaluronan synthase (EC 2.4.1.212); chitin oligosaccharide synthase (EC 2.4.1.-); beta-1,3-glucan synthase (EC 2.4.1.34); beta-1,4-mannan synthase (EC 2.4.1.-); beta-mannosylphosphodecaprenol-mannooligosaccharide alpha-1,6-mannosyltransferase (EC 2.4.1.199); UDP-Galf: rhamnopyranosyl-N-acetylglucosaminyl-PP-decaprenol beta-1,4/1,5-galactofuranosyltransferase (EC 2.4.1.287); UDP-Galf: galactofuranosyl-galactofuranosyl-rhamnosyl-N-acetylglucosaminyl-PP-decaprenol beta-1,5/1,6-galactofuranosyltransferase (EC 2.4.1.288); dTDP-L-Rha: N-acetylglucosaminyl-PP-decaprenol alpha-1,3-L-rhamnosyltransferase (EC 2.4.1.289)	carbon utilization	CAZY	NA	GlycosylTransferases	2	MT
Contig143601366||full_231	Contig143601366||full	NA	NA	NA	NA	NA	NA	2	MKT
Contig143601366||full_235	Contig143601366||full	NA	NA	NA	NA	NA	NA	2	MKT
Contig144151658||full_63	Contig144151658||full	NA	NA	NA	NA	NA	NA	2	MKF
Contig146717681||full_10	Contig146717681||full	NA	NA	NA	NA	NA	NA	3	MK
Contig147068327||full_29	Contig147068327||full	NA	NA	NA	NA	NA	NA	1	MK
Contig14903753||full_73	Contig14903753||full	NA	NA	NA	NA	NA	NA	1	MK
Contig14903753||full_156	Contig14903753||full	K00558	DNA (cytosine-5-)-methyltransferase [EC:2.1.1.37] [RN:R04858]	Organic Nitrogen	Amino Acid	NA	Methionine degradation	2	MF
Contig150992567||full_5	Contig150992567||full	NA	NA	NA	NA	NA	NA	2	MKF
Contig150992567||full_79	Contig150992567||full	K10013	ABC.ARG.S; lysine/arginine/ornithine transport system substrate-binding protein	Transporters	NA	NA	Lysine/arginine/ornithine transport system	2	M
Contig150992567||full_79	Contig150992567||full	K10013	ABC.ARG.S; lysine/arginine/ornithine transport system substrate-binding protein	Transporters	NA	NA	Lysine/arginine/ornithine transport system	2	M
Contig150992567||full_86	Contig150992567||full	NA	NA	NA	NA	NA	NA	2	MK
Contig150992567||full_92	Contig150992567||full	M28A	Catlytic type: Metallo; able to release a variety of N-terminal amino acids	Organic Nitrogen	Peptidase	NA	Aminopeptidases and carboxypeptidases	2	M
Contig150992567||full_93	Contig150992567||full	K02030	ABC.PA.S; polar amino acid transport system substrate-binding protein	Transporters	NA	NA	Putative polar amino acid transport system	2	M
Contig150992567||full_93	Contig150992567||full	K02030	ABC.PA.S; polar amino acid transport system substrate-binding protein	Transporters	NA	NA	Putative polar amino acid transport system	2	M
Contig150992567||full_100	Contig150992567||full	K05813	ugpB; sn-glycerol 3-phosphate transport system substrate-binding protein	Transporters	NA	NA	Putative sn-glycerol-phosphate transport system	2	M
Contig150992567||full_111	Contig150992567||full	NA	NA	NA	NA	NA	NA	2	MK
Contig150992567||full_112	Contig150992567||full	K02057	ABC.SS.P; simple sugar transport system permease protein	Transporters	NA	NA	Putative simple sugar transport system	2	M
Contig150992567||full_115	Contig150992567||full	K02058	ABC.SS.S; simple sugar transport system substrate-binding protein	Transporters	NA	NA	Putative simple sugar transport system	2	M
Contig150992567||full_130	Contig150992567||full	K00058	D-3-phosphoglycerate dehydrogenase [EC:1.1.1.95] [RN:R01513]	Organic Nitrogen	Amino Acid	NA	Serine biosynthesis, glycerate-3P => serine	2	MK
Contig150992567||full_131	Contig150992567||full	K01807	ribose 5-phosphate isomerase [EC:5.3.1.6] [RN:R01056]	carbon utilization	central carbon	pentose pathway	Pentose phosphate pathway (Pentose phosphate cycle)	2	M
Contig150992567||full_131	Contig150992567||full	K01807	ribose 5-phosphate isomerase [EC:5.3.1.6] [RN:R01056]	carbon utilization	central carbon	pentose pathway	Pentose phosphate pathway, non-oxidative phase, fructose 6P => ribose 5P	2	M
Contig150992567||full_131	Contig150992567||full	K01807	ribose 5-phosphate isomerase A [EC:5.3.1.6] [RN:R01056]	carbon utilization	central carbon	pentose pathway	Pentose phosphate pathway, archaea, fructose 6P => ribose 5P	2	M
Contig150992567||full_131	Contig150992567||full	K01807	ribose 5-phosphate isomerase [EC:5.3.1.6] [RN:R01056]	Energy	C1	NA	Reductive pentose phosphate cycle (Calvin cycle)	2	M
Contig150992567||full_131	Contig150992567||full	K01807	ribose 5-phosphate isomerase [EC:5.3.1.6] [RN:R01056]	Energy	C1	NA	Reductive pentose phosphate cycle, glyceraldehyde-3P => ribulose-5P	2	M
Contig150992567||full_137	Contig150992567||full	K01190	beta-galactosidase	carbon utilization (Woodcroft)	sugar utilization (woodcroft)	lactose degradation	Galactose metabolism	2	MKE
Contig151611761||full_26	Contig151611761||full	NA	NA	NA	NA	NA	NA	2	MK
Contig151766216||full_43	Contig151766216||full	NA	NA	NA	NA	NA	NA	1	MK
Contig151766216||full_45	Contig151766216||full	K00560	thymidylate synthase [EC:2.1.1.45] [RN:R02101]	MISC	Information systems	Nucleotide	Pyrimidine deoxyribonuleotide biosynthesis, CDP/CTP => dCDP/dCTP,dTDP/dTTP	1	M
Contig151877900||full_29	Contig151877900||full	NA	NA	NA	NA	NA	NA	1	MK
Contig151877900||full_63	Contig151877900||full	NA	NA	NA	NA	NA	NA	1	MK
Contig151877900||full_105	Contig151877900||full	NA	NA	NA	NA	NA	NA	1	MK
Contig151877900||full_138	Contig151877900||full	NA	NA	NA	NA	NA	NA	1	MK
Contig151877900||full_151	Contig151877900||full	NA	NA	NA	NA	NA	NA	1	MK
Contig151877900||full_182	Contig151877900||full	NA	NA	NA	NA	NA	NA	1	MK
Contig151877900||full_190	Contig151877900||full	NA	NA	NA	NA	NA	NA	1	MK
Contig151877900||full_246	Contig151877900||full	NA	NA	NA	NA	NA	NA	2	MKE
Contig153305335||full_131	Contig153305335||full	NA	NA	NA	NA	NA	NA	2	MK
Contig153305335||full_133	Contig153305335||full	NA	NA	NA	NA	NA	NA	2	MK
Contig153305335||full_135	Contig153305335||full	NA	NA	NA	NA	NA	NA	2	MK
Contig153579451||full_6	Contig153579451||full	NA	NA	NA	NA	NA	NA	2	MK
Contig153579451||full_7	Contig153579451||full	C56	Catlytic type: Cysteine; acts only on peptides of less than 20 amino acids; a preference for bulky, hydrophobic P1 residues	Organic Nitrogen	Peptidase	NA	PfpI endopeptidase of {Pyrococcus furiosus}	2	M
Contig153579451||full_9	Contig153579451||full	C56	Catlytic type: Cysteine; acts only on peptides of less than 20 amino acids; a preference for bulky, hydrophobic P1 residues	Organic Nitrogen	Peptidase	NA	PfpI endopeptidase of {Pyrococcus furiosus}	2	M
Contig153579451||full_11	Contig153579451||full	C56	Catlytic type: Cysteine; acts only on peptides of less than 20 amino acids; a preference for bulky, hydrophobic P1 residues	Organic Nitrogen	Peptidase	NA	PfpI endopeptidase of {Pyrococcus furiosus}	2	M
Contig153579451||full_25	Contig153579451||full	K00558	DNA (cytosine-5-)-methyltransferase [EC:2.1.1.37] [RN:R04858]	Organic Nitrogen	Amino Acid	NA	Methionine degradation	2	M
Contig154649737||full_7	Contig154649737||full	NA	NA	NA	NA	NA	NA	1	MK
Contig154649737||full_25	Contig154649737||full	NA	NA	NA	NA	NA	NA	1	MK
Contig154649737||full_26	Contig154649737||full	NA	NA	NA	NA	NA	NA	1	MK
Contig154649737||full_192	Contig154649737||full	K01520	dUTP pyrophosphatase [EC:3.6.1.23] [RN:R02100]	MISC	Information systems	Nucleotide	Pyrimidine deoxyribonuleotide biosynthesis, CDP/CTP => dCDP/dCTP,dTDP/dTTP	1	M
Contig155633282||full_65	Contig155633282||full	K00789	S-adenosylmethionine synthetase [EC:2.5.1.6] [RN:R00177]	Organic Nitrogen	Amino Acid	NA	Cysteine biosynthesis, methionine => cysteine	2	M
Contig155633282||full_65	Contig155633282||full	K00789	S-adenosylmethionine synthetase [EC:2.5.1.6] [RN:R00177]	Organic Nitrogen	Amino Acid	NA	Methionine degradation	2	M
Contig15611442||full_76	Contig15611442||full	NA	NA	NA	NA	NA	NA	2	MK
Contig15618873||full_167	Contig15618873||full	NA	NA	NA	NA	NA	NA	2	MK
Contig15618873||full_226	Contig15618873||full	NA	NA	NA	NA	NA	NA	1	MK
Contig15618873||full_239	Contig15618873||full	NA	NA	NA	NA	NA	NA	1	MK
Contig15618873||full_242	Contig15618873||full	NA	NA	NA	NA	NA	NA	1	MK
Contig15618873||full_243	Contig15618873||full	NA	NA	NA	NA	NA	NA	1	MK
Contig15618873||full_246	Contig15618873||full	NA	NA	NA	NA	NA	NA	1	MK
Contig15618873||full_252	Contig15618873||full	NA	NA	NA	NA	NA	NA	1	MK
Contig15618873||full_253	Contig15618873||full	NA	NA	NA	NA	NA	NA	1	MK
Contig15618873||full_261	Contig15618873||full	K01520	dUTP pyrophosphatase [EC:3.6.1.23] [RN:R02100]	MISC	Information systems	Nucleotide	Pyrimidine deoxyribonuleotide biosynthesis, CDP/CTP => dCDP/dCTP,dTDP/dTTP	1	M
Contig15618873||full_278	Contig15618873||full	NA	NA	NA	NA	NA	NA	1	MK
Contig15618873||full_281	Contig15618873||full	K01939	adenylosuccinate synthase [EC:6.3.4.4] [RN:R01135]	MISC	Information systems	Nucleotide	Adenine ribonucleotide biosynthesis, IMP => ADP,ATP	1	M
Contig15913245||full_21	Contig15913245||full	NA	NA	NA	NA	NA	NA	2	MK
Contig16082042||full_69	Contig16082042||full	NA	NA	NA	NA	NA	NA	1	MKE
Contig16082042||full_70	Contig16082042||full	GH16	GH16 xyloglucan:xyloglucosyltransferase (EC 2.4.1.207); keratan-sulfate endo-1,4-beta-galactosidase (EC 3.2.1.103); endo-1,3-beta-glucanase / laminarinase (EC 3.2.1.39); endo-1,3(4)-beta-glucanase (EC 3.2.1.6); licheninase (EC 3.2.1.73); beta-agarase (EC 3.2.1.81); kappa;-carrageenase (EC 3.2.1.83); xyloglucanase (EC 3.2.1.151); endo-beta-1,3-galactanase (EC 3.2.1.181); [retaining] beta-porphyranase (EC 3.2.1.178); hyaluronidase (EC 3.2.1.35); endo-beta-1,4-galactosidase (EC 3.2.1.-); chitin beta-1,6-glucanosyltransferase (EC 2.4.1.-); beta-transglycosidase (EC 2.4.1.-); beta-glycosidase (EC 3.2.1.-); endo-beta-1,3-galactanase (EC 3.2.1.181)	carbon utilization	CAZY	Amorphous Cellulose Oligo Cleavage, Xyloglucan Backbone Cleavage (Hemicellulose), Mixed-Linkage glucans Backbone Cleavage (Hemicellulose), Mixed-Linkage glucans Oligo Cleavage (Hemicellulose), Sulf-Polysachharides Backbone Cleavage	Glycoside Hydrolases	1	MKE
Contig18430635||full_6	Contig18430635||full	NA	NA	NA	NA	NA	NA	1	MKF
Contig21073728||full_124	Contig21073728||full	NA	NA	NA	NA	NA	NA	1	MKT
Contig21073728||full_126	Contig21073728||full	NA	NA	NA	NA	NA	NA	1	MKT
Contig21648553||full_34	Contig21648553||full	NA	NA	NA	NA	NA	NA	2	MK
Contig21648553||full_49	Contig21648553||full	NA	NA	NA	NA	NA	NA	1	MK
Contig22889031||full_74	Contig22889031||full	NA	NA	NA	NA	NA	NA	2	MK
Contig24278870||full_51	Contig24278870||full	K01939	adenylosuccinate synthase [EC:6.3.4.4] [RN:R01135]	MISC	Information systems	Nucleotide	Adenine ribonucleotide biosynthesis, IMP => ADP,ATP	2	M
Contig24278870||full_96	Contig24278870||full	NA	NA	NA	NA	NA	NA	1	MK
Contig24278870||full_101	Contig24278870||full	NA	NA	NA	NA	NA	NA	1	MK
Contig24278870||full_117	Contig24278870||full	NA	NA	NA	NA	NA	NA	1	MK
Contig24278870||full_167	Contig24278870||full	GH13	GH13 alpha-amylase (EC 3.2.1.1); pullulanase (EC 3.2.1.41); cyclomaltodextrin glucanotransferase (EC 2.4.1.19); cyclomaltodextrinase (EC 3.2.1.54); trehalose-6-phosphate hydrolase (EC 3.2.1.93); oligo-alpha-glucosidase (EC 3.2.1.10); maltogenic amylase (EC 3.2.1.133); neopullulanase (EC 3.2.1.135); alpha-glucosidase (EC 3.2.1.20); maltotetraose-forming alpha-amylase (EC 3.2.1.60); isoamylase (EC 3.2.1.68); glucodextranase (EC 3.2.1.70); maltohexaose-forming alpha-amylase (EC 3.2.1.98); maltotriose-forming alpha-amylase (EC 3.2.1.116); branching enzyme (EC 2.4.1.18); trehalose synthase (EC 5.4.99.16); 4-alpha-glucanotransferase (EC 2.4.1.25); maltopentaose-forming alpha-amylase (EC 3.2.1.-) ; amylosucrase (EC 2.4.1.4) ; sucrose phosphorylase (EC 2.4.1.7); malto-oligosyltrehalose trehalohydrolase (EC 3.2.1.141); isomaltulose synthase (EC 5.4.99.11); malto-oligosyltrehalose synthase (EC 5.4.99.15); amylo-alpha-1,6-glucosidase (EC 3.2.1.33); alpha-1,4-glucan: phosphate alpha-maltosyltransferase (EC 2.4.99.16); 6'-P-sucrose phosphorylase (EC 2.4.1.-); amino acid transporter	carbon utilization	CAZY	Starch Backbone Cleavage	Glycoside Hydrolases	2	M
Contig24278870||full_191	Contig24278870||full	NA	NA	NA	NA	NA	NA	2	MK
Contig25304145||full_29	Contig25304145||full	NA	NA	NA	NA	NA	NA	1	MKE
Contig2570646||full_13	Contig2570646||full	NA	NA	NA	NA	NA	NA	1	MK
Contig26118042||full_81	Contig26118042||full	K01945	phosphoribosylamine--glycine ligase [EC:6.3.4.13] [RN:R04144]	MISC	Information systems	Nucleotide	Inosine monophosphate biosynthesis, PRPP + glutamine => IMP	1	M
Contig26118042||full_83	Contig26118042||full	NA	NA	NA	NA	NA	NA	1	MK
Contig26800275||full_12	Contig26800275||full	NA	NA	NA	NA	NA	NA	1	MK
Contig26800275||full_138	Contig26800275||full	M36	Catlytic type: Metallo; hydrolyses laminins, elastin and collagen, with a preference for cleavage on the amino side of hydrophobic residues with bulky side-chains; a member is funalysin	Organic Nitrogen	Peptidase	NA	Endopeptidases	1	M
Contig26800275||full_355	Contig26800275||full	NA	NA	NA	NA	NA	NA	1	MK
Contig26800275||full_425	Contig26800275||full	K00762	orotate phosphoribosyltransferase [EC:2.4.2.10] [RN:R01870]	MISC	Information systems	Nucleotide	Uridine monophosphate biosynthesis, glutamine (+ PRPP) => UMP	1	MK
Contig26800275||full_474	Contig26800275||full	NA	NA	NA	NA	NA	NA	2	MK
Contig26800275||full_537	Contig26800275||full	K01520	dUTP pyrophosphatase [EC:3.6.1.23] [RN:R02100]	MISC	Information systems	Nucleotide	Pyrimidine deoxyribonuleotide biosynthesis, CDP/CTP => dCDP/dCTP,dTDP/dTTP	2	M
Contig27738626||full_42	Contig27738626||full	NA	NA	NA	NA	NA	NA	2	MK
Contig28143035||full_10	Contig28143035||full	C93	Catlytic type: Cysteine; member is LapG peptidase (Pseudomonas fluorescens)	Organic Nitrogen	Peptidase	NA	LapG peptidase	2	MF
Contig3124805||full_66	Contig3124805||full	NA	NA	NA	NA	NA	NA	3	MK
Contig31647895||full_12	Contig31647895||full	NA	NA	NA	NA	NA	NA	2	MKF
Contig32388511||full_38	Contig32388511||full	NA	NA	NA	NA	NA	NA	2	MK
Contig35224228||full_38	Contig35224228||full	NA	NA	NA	NA	NA	NA	2	MK
Contig35224228||full_47	Contig35224228||full	NA	NA	NA	NA	NA	NA	2	MK
Contig37529703||full_52	Contig37529703||full	NA	NA	NA	NA	NA	NA	1	MK
Contig39015512||full_27	Contig39015512||full	K01494	dCTP deaminase [EC:3.5.4.13] [RN:R02325]	MISC	Information systems	Nucleotide	Pyrimidine deoxyribonuleotide biosynthesis, CDP/CTP => dCDP/dCTP,dTDP/dTTP	1	M
Contig39015512||full_93	Contig39015512||full	K00943	dTMP kinase [EC:2.7.4.9] [RN:R02094]	MISC	Information systems	Nucleotide	Pyrimidine deoxyribonuleotide biosynthesis, CDP/CTP => dCDP/dCTP,dTDP/dTTP	1	M
Contig39015512||full_317	Contig39015512||full	NA	NA	NA	NA	NA	NA	2	MK
Contig39015512||full_324	Contig39015512||full	NA	NA	NA	NA	NA	NA	2	MK
Contig39015512||full_325	Contig39015512||full	NA	NA	NA	NA	NA	NA	2	MK
Contig39608419||full_59	Contig39608419||full	NA	NA	NA	NA	NA	NA	1	MK
Contig40043020||full_74	Contig40043020||full	NA	NA	NA	NA	NA	NA	2	MK
Contig40043020||full_81	Contig40043020||full	NA	NA	NA	NA	NA	NA	2	MK
Contig41839793||full_17	Contig41839793||full	K01939	adenylosuccinate synthase [EC:6.3.4.4] [RN:R01135]	MISC	Information systems	Nucleotide	Adenine ribonucleotide biosynthesis, IMP => ADP,ATP	2	M
Contig44715763||full_117	Contig44715763||full	NA	NA	NA	NA	NA	NA	1	MK
Contig44920558||full_57	Contig44920558||full	K00558	DNA (cytosine-5-)-methyltransferase [EC:2.1.1.37] [RN:R04858]	Organic Nitrogen	Amino Acid	NA	Methionine degradation	1	MT
Contig46548736||full_41	Contig46548736||full	NA	NA	NA	NA	NA	NA	2	MK
Contig48493721||full_101	Contig48493721||full	NA	NA	NA	NA	NA	NA	2	MK
Contig49617119||full_9	Contig49617119||full	NA	NA	NA	NA	NA	NA	2	MK
Contig49617119||full_48	Contig49617119||full	NA	NA	NA	NA	NA	NA	1	MK
Contig49617119||full_53	Contig49617119||full	NA	NA	NA	NA	NA	NA	1	MK
Contig49617119||full_67	Contig49617119||full	NA	NA	NA	NA	NA	NA	1	MK
Contig49617119||full_70	Contig49617119||full	M24A	Catlytic type: Metallo; cleave the Met-Xaa (where Xaa is any amino acid) bond in the removal of the initiating N-terminal methionine from newly synthesized proteins; essential for the removal of the initiating methionine of many proteins, acting co-translationally in association with the ribosomes	Organic Nitrogen	Peptidase	NA	Exopeptidases that require co-catalytic ions of cobalt or manganese	1	M
Contig49617119||full_95	Contig49617119||full	K00088	IMP dehydrogenase [EC:1.1.1.205] [RN:R01130]	MISC	Information systems	Nucleotide	Guanine ribonucleotide biosynthesis IMP => GDP,GTP	2	M
Contig49617119||full_108	Contig49617119||full	K01520	dUTP pyrophosphatase [EC:3.6.1.23] [RN:R02100]	MISC	Information systems	Nucleotide	Pyrimidine deoxyribonuleotide biosynthesis, CDP/CTP => dCDP/dCTP,dTDP/dTTP	2	M
Contig49617119||full_393	Contig49617119||full	NA	NA	NA	NA	NA	NA	2	MK
Contig49617119||full_433	Contig49617119||full	NA	NA	NA	NA	NA	NA	2	MK
Contig49617119||full_454	Contig49617119||full	NA	NA	NA	NA	NA	NA	2	MK
Contig49617119||full_493	Contig49617119||full	NA	NA	NA	NA	NA	NA	2	MK
Contig49617119||full_541	Contig49617119||full	K01591	orotidine-5'-phosphate decarboxylase [EC:4.1.1.23] [RN:R00965]	MISC	Information systems	Nucleotide	Uridine monophosphate biosynthesis, glutamine (+ PRPP) => UMP	2	M
Contig49617119||full_544	Contig49617119||full	K02935	large subunit ribosomal protein L7/L12	MISC	Information systems	NA	Ribosome, bacteria	2	M
Contig49617119||full_561	Contig49617119||full	NA	NA	NA	NA	NA	NA	2	MK
Contig49617119||full_563	Contig49617119||full	NA	NA	NA	NA	NA	NA	2	MK
Contig49617119||full_624	Contig49617119||full	K02935	large subunit ribosomal protein L7/L12	MISC	Information systems	NA	Ribosome, bacteria	2	M
Contig50535847||full_52	Contig50535847||full	K00558	DNA (cytosine-5-)-methyltransferase [EC:2.1.1.37] [RN:R04858]	Organic Nitrogen	Amino Acid	NA	Methionine degradation	2	M
Contig50535847||full_88	Contig50535847||full	NA	NA	NA	NA	NA	NA	2	MK
Contig50535847||full_101	Contig50535847||full	K12340	tolC; outer membrane channel protein TolC	Transporters	NA	NA	alpha-Hemolysin/cyclolysin transport system	2	M
Contig50535847||full_101	Contig50535847||full	K12340	tolC; outer membrane channel protein TolC	Transporters	NA	NA	RTX toxin transport system	2	M
Contig50624312||full_142	Contig50624312||full	NA	NA	NA	NA	NA	NA	2	MK
Contig50624312||full_143	Contig50624312||full	NA	NA	NA	NA	NA	NA	2	MK
Contig50624312||full_147	Contig50624312||full	NA	NA	NA	NA	NA	NA	2	MK
Contig50624312||full_188	Contig50624312||full	NA	NA	NA	NA	NA	NA	2	MKF
Contig50753365||full_8	Contig50753365||full	NA	NA	NA	NA	NA	NA	1	MK
Contig51191572||full_16	Contig51191572||full	K00558	DNA (cytosine-5-)-methyltransferase [EC:2.1.1.37] [RN:R04858]	Organic Nitrogen	Amino Acid	NA	Methionine degradation	2	M
Contig51191572||full_69	Contig51191572||full	NA	NA	NA	NA	NA	NA	2	MK
Contig51191572||full_91	Contig51191572||full	NA	NA	NA	NA	NA	NA	2	MK
Contig52159389||full_16	Contig52159389||full	K01885	glutamyl-tRNA synthetase [EC:6.1.1.17] [RN:R05578]	MISC	Antibiotic Resistance	NA	Siroheme biosynthesis, glutamate => siroheme	1	MK
Contig52159389||full_16	Contig52159389||full	K01885	EARS; glutamyl-tRNA synthetase [EC:6.1.1.17]	MISC	Information systems	NA	Aminoacyl-tRNA biosynthesis, eukaryotes	1	MK
Contig52159389||full_26	Contig52159389||full	K01990	ABC-2.A; ABC-2 type transport system ATP-binding protein	Transporters	NA	NA	ABC-2 type transport system	1	M
Contig52159389||full_28	Contig52159389||full	K02003	ABC.CD.A;	Transporters	NA	NA	Putative ABC transport system	1	M
Contig52159389||full_29	Contig52159389||full	K02004	ABC.CD.P;	Transporters	NA	NA	Putative ABC transport system	1	M
Contig52159389||full_32	Contig52159389||full	M17	Catlytic type: Metallo; any N-terminal amino acid can be released from dipeptides and polypeptides, although there is a preference for leucine; bonds with proline in P1 are not cleaved; maximally active between pH 9 and 9.5	Organic Nitrogen	Peptidase	NA	Aminopeptidases	1	M
Contig52159389||full_33	Contig52159389||full	M50B	Catlytic type: Metallo; activates the factor sigmaK precursor by cleaving off a 20-residue propeptide; cleavage occurs within, or very close to, membranes	Organic Nitrogen	Peptidase	NA	Metallo-endopeptidases	1	M
Contig52159389||full_44	Contig52159389||full	K02967	small subunit ribosomal protein S2	MISC	Information systems	NA	Ribosome, bacteria	1	M
Contig52159389||full_44	Contig52159389||full	K02967	small subunit ribosomal protein S2	MISC	Information systems	NA	Ribosome, archaea	1	M
Contig52159389||full_80	Contig52159389||full	K02004	ABC.CD.P;	Transporters	NA	NA	Putative ABC transport system	1	M
Contig52159389||full_81	Contig52159389||full	K02003	ABC.CD.A;	Transporters	NA	NA	Putative ABC transport system	1	M
Contig52159389||full_114	Contig52159389||full	K02935	large subunit ribosomal protein L7/L12	MISC	Information systems	NA	Ribosome, bacteria	1	M
Contig52159389||full_115	Contig52159389||full	K02864	large subunit ribosomal protein L10	MISC	Information systems	NA	Ribosome, bacteria	1	M
Contig52159389||full_115	Contig52159389||full	K02864	large subunit ribosomal protein L10	MISC	Information systems	NA	Ribosome, archaea	1	M
Contig52159389||full_121	Contig52159389||full	K02913	large subunit ribosomal protein L33	MISC	Information systems	NA	Ribosome, bacteria	1	MF
Contig52397181||full_36	Contig52397181||full	NA	NA	NA	NA	NA	NA	2	MK
Contig52397181||full_59	Contig52397181||full	NA	NA	NA	NA	NA	NA	2	MK
Contig53353406||full_93	Contig53353406||full	NA	NA	NA	NA	NA	NA	2	MK
Contig56001564||full_37	Contig56001564||full	K01520	dUTP pyrophosphatase [EC:3.6.1.23] [RN:R02100]	MISC	Information systems	Nucleotide	Pyrimidine deoxyribonuleotide biosynthesis, CDP/CTP => dCDP/dCTP,dTDP/dTTP	1	M
Contig56001564||full_104	Contig56001564||full	NA	NA	NA	NA	NA	NA	1	MK
Contig58755042||full_25	Contig58755042||full	NA	NA	NA	NA	NA	NA	2	MK
Contig59085900||full_19	Contig59085900||full	NA	NA	NA	NA	NA	NA	2	MK
Contig59085900||full_166	Contig59085900||full	K01494	dCTP deaminase [EC:3.5.4.13] [RN:R02325]	MISC	Information systems	Nucleotide	Pyrimidine deoxyribonuleotide biosynthesis, CDP/CTP => dCDP/dCTP,dTDP/dTTP	2	M
Contig59135421||full_225	Contig59135421||full	NA	NA	NA	NA	NA	NA	1	MKT
Contig59135421||full_226	Contig59135421||full	NA	NA	NA	NA	NA	NA	1	MKT
Contig59135421||full_233	Contig59135421||full	NA	NA	NA	NA	NA	NA	1	MKT
Contig59425896||full_3	Contig59425896||full	NA	NA	NA	NA	NA	NA	2	MKF
Contig59592305||full_68	Contig59592305||full	K01939	adenylosuccinate synthase [EC:6.3.4.4] [RN:R01135]	MISC	Information systems	Nucleotide	Adenine ribonucleotide biosynthesis, IMP => ADP,ATP	1	M
Contig60208693||full_104	Contig60208693||full	NA	NA	NA	NA	NA	NA	2	MK
Contig60208693||full_108	Contig60208693||full	K01520	dUTP pyrophosphatase [EC:3.6.1.23] [RN:R02100]	MISC	Information systems	Nucleotide	Pyrimidine deoxyribonuleotide biosynthesis, CDP/CTP => dCDP/dCTP,dTDP/dTTP	2	M
Contig60208693||full_120	Contig60208693||full	K01939	adenylosuccinate synthase [EC:6.3.4.4] [RN:R01135]	MISC	Information systems	Nucleotide	Adenine ribonucleotide biosynthesis, IMP => ADP,ATP	2	M
Contig60261127||full_12	Contig60261127||full	K01939	adenylosuccinate synthase [EC:6.3.4.4] [RN:R01135]	MISC	Information systems	Nucleotide	Adenine ribonucleotide biosynthesis, IMP => ADP,ATP	2	M
Contig62801022||full_21	Contig62801022||full	NA	NA	NA	NA	NA	NA	1	MK
Contig63117449||full_31	Contig63117449||full	K00558	DNA (cytosine-5-)-methyltransferase [EC:2.1.1.37] [RN:R04858]	Organic Nitrogen	Amino Acid	NA	Methionine degradation	1	M
Contig63408416||full_22	Contig63408416||full	NA	NA	NA	NA	NA	NA	2	MK
Contig63408416||full_72	Contig63408416||full	NA	NA	NA	NA	NA	NA	2	MKF
Contig63580391||full_67	Contig63580391||full	NA	NA	NA	NA	NA	NA	1	MK
Contig63580391||full_69	Contig63580391||full	NA	NA	NA	NA	NA	NA	1	MK
Contig63635576||full_143	Contig63635576||full	K01520	dUTP pyrophosphatase [EC:3.6.1.23] [RN:R02100]	MISC	Information systems	Nucleotide	Pyrimidine deoxyribonuleotide biosynthesis, CDP/CTP => dCDP/dCTP,dTDP/dTTP	2	MF
Contig65869071||full_48	Contig65869071||full	K01945	phosphoribosylamine--glycine ligase [EC:6.3.4.13] [RN:R04144]	MISC	Information systems	Nucleotide	Inosine monophosphate biosynthesis, PRPP + glutamine => IMP	2	M
Contig66083496||full_153	Contig66083496||full	GH5	GH5 endo-beta-1,4-glucanase / cellulase (EC 3.2.1.4); endo-beta-1,4-xylanase (EC 3.2.1.8); beta-glucosidase (EC 3.2.1.21); beta-mannosidase (EC 3.2.1.25); beta-glucosylceramidase (EC 3.2.1.45); glucan beta-1,3-glucosidase (EC 3.2.1.58); licheninase (EC 3.2.1.73); exo-beta-1,4-glucanase / cellodextrinase (EC 3.2.1.74); glucan endo-1,6-beta-glucosidase (EC 3.2.1.75); mannan endo-beta-1,4-mannosidase (EC 3.2.1.78); cellulose beta-1,4-cellobiosidase (EC 3.2.1.91); steryl beta-glucosidase (EC 3.2.1.104); endoglycoceramidase (EC 3.2.1.123); chitosanase (EC 3.2.1.132); beta-primeverosidase (EC 3.2.1.149); xyloglucan-specific endo-beta-1,4-glucanase (EC 3.2.1.151); endo-beta-1,6-galactanase (EC 3.2.1.164); hesperidin 6-O-alpha-L-rhamnosyl-beta-glucosidase (EC 3.2.1.168); beta-1,3-mannanase (EC 3.2.1.-); arabinoxylan-specific endo-beta-1,4-xylanase (EC 3.2.1.-); mannan transglycosylase (EC 2.4.1.-); lichenase / endo-beta-1,3-1,4-glucanase (EC 3.2.1.73); beta-glycosidase (EC 3.2.1.-); endo-beta-1,3-glucanase / laminarinase (EC 3.2.1.39); beta-N-acetylhexosaminidase (EC 3.2.1.52); chitosanase (EC 3.2.1.132); beta-D-galactofuranosidase (EC 3.2.1.146);	carbon utilization	CAZY	Amorphous Cellulose Backbone Cleavage, Amorphous Cellulose Oligo Cleavage, Xyloglucan Backbone Cleavage (Hemicellulose), Xylan Backbone Cleavage (Hemicellulose), Beta-mannan Backbone Cleavage (Hemicellulose), Mixed-Linkage glucans Backbone Cleavage (Hemicellulose), Chitin Oligo Cleavage	Glycoside Hydrolases	1	MKE
Contig68584382||full_79	Contig68584382||full	NA	NA	NA	NA	NA	NA	2	MK
Contig68686550||full_40	Contig68686550||full	K01520	dUTP pyrophosphatase [EC:3.6.1.23] [RN:R02100]	MISC	Information systems	Nucleotide	Pyrimidine deoxyribonuleotide biosynthesis, CDP/CTP => dCDP/dCTP,dTDP/dTTP	1	M
Contig69422512||full_7	Contig69422512||full	K01494	dCTP deaminase [EC:3.5.4.13] [RN:R02325]	MISC	Information systems	Nucleotide	Pyrimidine deoxyribonuleotide biosynthesis, CDP/CTP => dCDP/dCTP,dTDP/dTTP	2	MF
Contig69422512||full_85	Contig69422512||full	NA	NA	NA	NA	NA	NA	1	MK
Contig70763265||full_16	Contig70763265||full	K00558	DNA (cytosine-5-)-methyltransferase [EC:2.1.1.37] [RN:R04858]	Organic Nitrogen	Amino Acid	NA	Methionine degradation	2	MT
Contig70763265||full_69	Contig70763265||full	NA	NA	NA	NA	NA	NA	2	MKT
Contig7162542||full_44	Contig7162542||full	NA	NA	NA	NA	NA	NA	1	MK
Contig7162542||full_45	Contig7162542||full	NA	NA	NA	NA	NA	NA	1	MK
Contig7162542||full_48	Contig7162542||full	NA	NA	NA	NA	NA	NA	1	MK
Contig7162542||full_140	Contig7162542||full	K02935	large subunit ribosomal protein L7/L12	MISC	Information systems	NA	Ribosome, bacteria	2	MF
Contig71648242||full_78	Contig71648242||full	NA	NA	NA	NA	NA	NA	1	MK
Contig73111104||full_88	Contig73111104||full	K01520	dUTP pyrophosphatase [EC:3.6.1.23] [RN:R02100]	MISC	Information systems	Nucleotide	Pyrimidine deoxyribonuleotide biosynthesis, CDP/CTP => dCDP/dCTP,dTDP/dTTP	2	M
Contig73111104||full_89	Contig73111104||full	K00943	dTMP kinase [EC:2.7.4.9] [RN:R02094]	MISC	Information systems	Nucleotide	Pyrimidine deoxyribonuleotide biosynthesis, CDP/CTP => dCDP/dCTP,dTDP/dTTP	2	M
Contig73111104||full_260	Contig73111104||full	GT2	GT2 cellulose synthase (EC 2.4.1.12); chitin synthase (EC 2.4.1.16); dolichyl-phosphate beta-D-mannosyltransferase (EC 2.4.1.83); dolichyl-phosphate beta-glucosyltransferase (EC 2.4.1.117); N-acetylglucosaminyltransferase (EC 2.4.1.-); N-acetylgalactosaminyltransferase (EC 2.4.1.-); hyaluronan synthase (EC 2.4.1.212); chitin oligosaccharide synthase (EC 2.4.1.-); beta-1,3-glucan synthase (EC 2.4.1.34); beta-1,4-mannan synthase (EC 2.4.1.-); beta-mannosylphosphodecaprenol-mannooligosaccharide alpha-1,6-mannosyltransferase (EC 2.4.1.199); UDP-Galf: rhamnopyranosyl-N-acetylglucosaminyl-PP-decaprenol beta-1,4/1,5-galactofuranosyltransferase (EC 2.4.1.287); UDP-Galf: galactofuranosyl-galactofuranosyl-rhamnosyl-N-acetylglucosaminyl-PP-decaprenol beta-1,5/1,6-galactofuranosyltransferase (EC 2.4.1.288); dTDP-L-Rha: N-acetylglucosaminyl-PP-decaprenol alpha-1,3-L-rhamnosyltransferase (EC 2.4.1.289)	carbon utilization	CAZY	NA	GlycosylTransferases	1	M
Contig73111104||full_288	Contig73111104||full	NA	NA	NA	NA	NA	NA	1	MK
Contig73397290||full_35	Contig73397290||full	NA	NA	NA	NA	NA	NA	1	MK
Contig73771185||full_103	Contig73771185||full	NA	NA	NA	NA	NA	NA	2	MK
Contig75321901||full_75	Contig75321901||full	NA	NA	NA	NA	NA	NA	1	MKT
Contig76224189||full_35	Contig76224189||full	K01945	phosphoribosylamine--glycine ligase [EC:6.3.4.13] [RN:R04144]	MISC	Information systems	Nucleotide	Inosine monophosphate biosynthesis, PRPP + glutamine => IMP	1	M
Contig76805676||full_5	Contig76805676||full	K01992	ABC-2.P; ABC-2 type transport system permease protein	Transporters	NA	NA	ABC-2 type transport system	2	MF
Contig76805676||full_74	Contig76805676||full	NA	NA	NA	NA	NA	NA	2	MK
Contig76805676||full_77	Contig76805676||full	NA	NA	NA	NA	NA	NA	2	MK
Contig76805676||full_80	Contig76805676||full	NA	NA	NA	NA	NA	NA	2	MK
Contig76805676||full_83	Contig76805676||full	NA	NA	NA	NA	NA	NA	2	MK
Contig76805676||full_84	Contig76805676||full	NA	NA	NA	NA	NA	NA	2	MK
Contig76805676||full_91	Contig76805676||full	K01494	dCTP deaminase [EC:3.5.4.13] [RN:R02325]	MISC	Information systems	Nucleotide	Pyrimidine deoxyribonuleotide biosynthesis, CDP/CTP => dCDP/dCTP,dTDP/dTTP	2	M
Contig77766519||full_36	Contig77766519||full	NA	NA	NA	NA	NA	NA	1	MK
Contig78200522||full_74	Contig78200522||full	K00560	thymidylate synthase [EC:2.1.1.45] [RN:R02101]	MISC	Information systems	Nucleotide	Pyrimidine deoxyribonuleotide biosynthesis, CDP/CTP => dCDP/dCTP,dTDP/dTTP	2	M
Contig78432571||full_53	Contig78432571||full	NA	NA	NA	NA	NA	NA	2	MK
Contig78432571||full_77	Contig78432571||full	K01520	dUTP pyrophosphatase [EC:3.6.1.23] [RN:R02100]	MISC	Information systems	Nucleotide	Pyrimidine deoxyribonuleotide biosynthesis, CDP/CTP => dCDP/dCTP,dTDP/dTTP	2	M
Contig78964859||full_13	Contig78964859||full	NA	NA	NA	NA	NA	NA	2	MK
Contig78989445||full_40	Contig78989445||full	NA	NA	NA	NA	NA	NA	2	MK
Contig79021513||full_69	Contig79021513||full	NA	NA	NA	NA	NA	NA	2	MKF
Contig79021513||full_70	Contig79021513||full	NA	NA	NA	NA	NA	NA	2	MKF
Contig79102250||full_29	Contig79102250||full	NA	NA	NA	NA	NA	NA	2	MK
Contig79102250||full_54	Contig79102250||full	K02935	large subunit ribosomal protein L7/L12	MISC	Information systems	NA	Ribosome, bacteria	2	M
Contig79102250||full_86	Contig79102250||full	NA	NA	NA	NA	NA	NA	2	MK
Contig79102250||full_88	Contig79102250||full	GT2	GT2 cellulose synthase (EC 2.4.1.12); chitin synthase (EC 2.4.1.16); dolichyl-phosphate beta-D-mannosyltransferase (EC 2.4.1.83); dolichyl-phosphate beta-glucosyltransferase (EC 2.4.1.117); N-acetylglucosaminyltransferase (EC 2.4.1.-); N-acetylgalactosaminyltransferase (EC 2.4.1.-); hyaluronan synthase (EC 2.4.1.212); chitin oligosaccharide synthase (EC 2.4.1.-); beta-1,3-glucan synthase (EC 2.4.1.34); beta-1,4-mannan synthase (EC 2.4.1.-); beta-mannosylphosphodecaprenol-mannooligosaccharide alpha-1,6-mannosyltransferase (EC 2.4.1.199); UDP-Galf: rhamnopyranosyl-N-acetylglucosaminyl-PP-decaprenol beta-1,4/1,5-galactofuranosyltransferase (EC 2.4.1.287); UDP-Galf: galactofuranosyl-galactofuranosyl-rhamnosyl-N-acetylglucosaminyl-PP-decaprenol beta-1,5/1,6-galactofuranosyltransferase (EC 2.4.1.288); dTDP-L-Rha: N-acetylglucosaminyl-PP-decaprenol alpha-1,3-L-rhamnosyltransferase (EC 2.4.1.289)	carbon utilization	CAZY	NA	GlycosylTransferases	2	M
Contig79102250||full_91	Contig79102250||full	NA	NA	NA	NA	NA	NA	2	MK
Contig79102250||full_92	Contig79102250||full	NA	NA	NA	NA	NA	NA	2	MK
Contig79102250||full_94	Contig79102250||full	NA	NA	NA	NA	NA	NA	2	MK
Contig8016591||full_73	Contig8016591||full	GH5	GH5 endo-beta-1,4-glucanase / cellulase (EC 3.2.1.4); endo-beta-1,4-xylanase (EC 3.2.1.8); beta-glucosidase (EC 3.2.1.21); beta-mannosidase (EC 3.2.1.25); beta-glucosylceramidase (EC 3.2.1.45); glucan beta-1,3-glucosidase (EC 3.2.1.58); licheninase (EC 3.2.1.73); exo-beta-1,4-glucanase / cellodextrinase (EC 3.2.1.74); glucan endo-1,6-beta-glucosidase (EC 3.2.1.75); mannan endo-beta-1,4-mannosidase (EC 3.2.1.78); cellulose beta-1,4-cellobiosidase (EC 3.2.1.91); steryl beta-glucosidase (EC 3.2.1.104); endoglycoceramidase (EC 3.2.1.123); chitosanase (EC 3.2.1.132); beta-primeverosidase (EC 3.2.1.149); xyloglucan-specific endo-beta-1,4-glucanase (EC 3.2.1.151); endo-beta-1,6-galactanase (EC 3.2.1.164); hesperidin 6-O-alpha-L-rhamnosyl-beta-glucosidase (EC 3.2.1.168); beta-1,3-mannanase (EC 3.2.1.-); arabinoxylan-specific endo-beta-1,4-xylanase (EC 3.2.1.-); mannan transglycosylase (EC 2.4.1.-); lichenase / endo-beta-1,3-1,4-glucanase (EC 3.2.1.73); beta-glycosidase (EC 3.2.1.-); endo-beta-1,3-glucanase / laminarinase (EC 3.2.1.39); beta-N-acetylhexosaminidase (EC 3.2.1.52); chitosanase (EC 3.2.1.132); beta-D-galactofuranosidase (EC 3.2.1.146);	carbon utilization	CAZY	Amorphous Cellulose Backbone Cleavage, Amorphous Cellulose Oligo Cleavage, Xyloglucan Backbone Cleavage (Hemicellulose), Xylan Backbone Cleavage (Hemicellulose), Beta-mannan Backbone Cleavage (Hemicellulose), Mixed-Linkage glucans Backbone Cleavage (Hemicellulose), Chitin Oligo Cleavage	Glycoside Hydrolases	1	MKE
Contig80212091||full_32	Contig80212091||full	NA	NA	NA	NA	NA	NA	2	MK
Contig81067317||full_13	Contig81067317||full	NA	NA	NA	NA	NA	NA	2	MK
Contig81864844||full_12	Contig81864844||full	K00558	DNA (cytosine-5-)-methyltransferase [EC:2.1.1.37] [RN:R04858]	Organic Nitrogen	Amino Acid	NA	Methionine degradation	2	MF
Contig81974069||full_97	Contig81974069||full	K01939	adenylosuccinate synthase [EC:6.3.4.4] [RN:R01135]	MISC	Information systems	Nucleotide	Adenine ribonucleotide biosynthesis, IMP => ADP,ATP	1	M
Contig81974069||full_149	Contig81974069||full	NA	NA	NA	NA	NA	NA	1	MK
Contig85853890||full_88	Contig85853890||full	NA	NA	NA	NA	NA	NA	2	MK
Contig86749660||full_9	Contig86749660||full	K01939	adenylosuccinate synthase [EC:6.3.4.4] [RN:R01135]	MISC	Information systems	Nucleotide	Adenine ribonucleotide biosynthesis, IMP => ADP,ATP	1	M
Contig8743130||full_59	Contig8743130||full	NA	NA	NA	NA	NA	NA	1	MK
Contig88444615||full_32	Contig88444615||full	NA	NA	NA	NA	NA	NA	2	MK
Contig89850351||full_138	Contig89850351||full	NA	NA	NA	NA	NA	NA	1	MKT
Contig90179451||full_56	Contig90179451||full	NA	NA	NA	NA	NA	NA	2	MKE
Contig90179451||full_125	Contig90179451||full	K00558	DNA (cytosine-5-)-methyltransferase [EC:2.1.1.37] [RN:R04858]	Organic Nitrogen	Amino Acid	NA	Methionine degradation	2	MF
Contig90455972||full_79	Contig90455972||full	K00943	dTMP kinase [EC:2.7.4.9] [RN:R02094]	MISC	Information systems	Nucleotide	Pyrimidine deoxyribonuleotide biosynthesis, CDP/CTP => dCDP/dCTP,dTDP/dTTP	1	M
Contig90455972||full_130	Contig90455972||full	NA	NA	NA	NA	NA	NA	1	MK
Contig90455972||full_189	Contig90455972||full	K01939	adenylosuccinate synthase [EC:6.3.4.4] [RN:R01135]	MISC	Information systems	Nucleotide	Adenine ribonucleotide biosynthesis, IMP => ADP,ATP	1	M
Contig90514614||full_53	Contig90514614||full	NA	NA	NA	NA	NA	NA	2	MK
Contig91243410||full_120	Contig91243410||full	NA	NA	NA	NA	NA	NA	1	MK
Contig91422873||full_6	Contig91422873||full	K00943	dTMP kinase [EC:2.7.4.9] [RN:R02094]	MISC	Information systems	Nucleotide	Pyrimidine deoxyribonuleotide biosynthesis, CDP/CTP => dCDP/dCTP,dTDP/dTTP	2	MF
Contig98220822||full_29	Contig98220822||full	NA	NA	NA	NA	NA	NA	1	MK
Contig98839058||full_51	Contig98839058||full	K02935	large subunit ribosomal protein L7/L12	MISC	Information systems	NA	Ribosome, bacteria	1	M
Contig98839058||full_74	Contig98839058||full	NA	NA	NA	NA	NA	NA	1	MK
Contig98839058||full_133	Contig98839058||full	NA	NA	NA	NA	NA	NA	1	MK
Contig98839058||full_170	Contig98839058||full	NA	NA	NA	NA	NA	NA	2	MK
Contig98839058||full_190	Contig98839058||full	NA	NA	NA	NA	NA	NA	2	MK
Contig99306704||full_59	Contig99306704||full	GT2	GT2 cellulose synthase (EC 2.4.1.12); chitin synthase (EC 2.4.1.16); dolichyl-phosphate beta-D-mannosyltransferase (EC 2.4.1.83); dolichyl-phosphate beta-glucosyltransferase (EC 2.4.1.117); N-acetylglucosaminyltransferase (EC 2.4.1.-); N-acetylgalactosaminyltransferase (EC 2.4.1.-); hyaluronan synthase (EC 2.4.1.212); chitin oligosaccharide synthase (EC 2.4.1.-); beta-1,3-glucan synthase (EC 2.4.1.34); beta-1,4-mannan synthase (EC 2.4.1.-); beta-mannosylphosphodecaprenol-mannooligosaccharide alpha-1,6-mannosyltransferase (EC 2.4.1.199); UDP-Galf: rhamnopyranosyl-N-acetylglucosaminyl-PP-decaprenol beta-1,4/1,5-galactofuranosyltransferase (EC 2.4.1.287); UDP-Galf: galactofuranosyl-galactofuranosyl-rhamnosyl-N-acetylglucosaminyl-PP-decaprenol beta-1,5/1,6-galactofuranosyltransferase (EC 2.4.1.288); dTDP-L-Rha: N-acetylglucosaminyl-PP-decaprenol alpha-1,3-L-rhamnosyltransferase (EC 2.4.1.289)	carbon utilization	CAZY	NA	GlycosylTransferases	2	M
Contig99453606||full_30	Contig99453606||full	NA	NA	NA	NA	NA	NA	1	MK
Contig99511885||full_79	Contig99511885||full	NA	NA	NA	NA	NA	NA	1	MK
Contig99511885||full_163	Contig99511885||full	K00560	thymidylate synthase [EC:2.1.1.45] [RN:R02101]	MISC	Information systems	Nucleotide	Pyrimidine deoxyribonuleotide biosynthesis, CDP/CTP => dCDP/dCTP,dTDP/dTTP	1	M
Contig99511885||full_168	Contig99511885||full	NA	NA	NA	NA	NA	NA	1	MK
Contig99511885||full_190	Contig99511885||full	NA	NA	NA	NA	NA	NA	1	MK
Contig99511885||full_220	Contig99511885||full	NA	NA	NA	NA	NA	NA	1	MK
Contig99511885||full_248	Contig99511885||full	NA	NA	NA	NA	NA	NA	1	MK
Contig99511885||full_523	Contig99511885||full	NA	NA	NA	NA	NA	NA	1	MK
Contig99511885||full_547	Contig99511885||full	K02913	large subunit ribosomal protein L33	MISC	Information systems	NA	Ribosome, bacteria	1	M
Contig99710712||full_20	Contig99710712||full	NA	NA	NA	NA	NA	NA	2	MK
Contig9973591||full_54	Contig9973591||full	K03464	muconolactone D-isomerase [EC:5.3.3.4] [RN:R06990]	carbon utilization	hydrocarbon degradation	NA	Catechol ortho-cleavage, catechol => 3-oxoadipate	2	M
Contig9973591||full_75	Contig9973591||full	K00012	UGDH; UDP-Glc -> UDP-GlcA [EC:1.1.1.22]	MISC	Information systems	Nucleotide	Nucleotide sugar biosynthesis, eukaryotes	2	MK
Contig9973591||full_75	Contig9973591||full	K00012	UDPglucose 6-dehydrogenase [EC:1.1.1.22] [RN:R00286]	MISC	MISC	NA	Glucuronate pathway (uronate pathway)	2	MK
Contig9973591||full_90	Contig9973591||full	NA	NA	NA	NA	NA	NA	1	MKE
Contig9973591||full_105	Contig9973591||full	NA	NA	NA	NA	NA	NA	1	MK
Contig9973591||full_107	Contig9973591||full	NA	NA	NA	NA	NA	NA	1	MK
Contig9973591||full_109	Contig9973591||full	NA	NA	NA	NA	NA	NA	1	MK
Contig9973591||full_126	Contig9973591||full	NA	NA	NA	NA	NA	NA	1	MK
