contig_id	max_score	max_score_group	length	hallmark	viral	cellular	contig_length	provirus	proviral_length	gene_count	viral_genes	host_genes	checkv_quality	miuvig_quality	completeness	completeness_method	contamination	kmer_freq	warnings
Contig139899753||full	0.953	dsDNAphage	494746	8	17.4	3.3	494746	No	NA	801	59	41	High-quality	High-quality	98.79	HMM-based (lower-bound)	0	1	NA
Contig133367609||full	0.98	dsDNAphage	437779	10	24.2	5.1	437779	No	NA	583	43	41	High-quality	High-quality	94.42	HMM-based (lower-bound)	0	1	NA
Contig49617119||full	0.967	dsDNAphage	393332	4	15.2	4	393332	No	NA	656	37	43	High-quality	High-quality	94.81	HMM-based (lower-bound)	0	1	NA
Contig26800275||full	0.967	dsDNAphage	379467	12	19	4	379467	No	NA	626	39	24	High-quality	High-quality	97.84	HMM-based (lower-bound)	0	1	NA
Contig99511885||full	1	dsDNAphage	346595	23	31.4	2.7	346595	No	NA	582	94	14	High-quality	High-quality	92.49	HMM-based (lower-bound)	0	1	NA
Contig39015512||full	0.993	dsDNAphage	308189	40	43.5	0.9	308189	No	NA	336	106	4	High-quality	High-quality	100	AAI-based (medium-confidence)	0	1	NA
Contig142949947||full	0.967	dsDNAphage	294187	12	20.7	2.6	294187	No	NA	503	50	10	High-quality	High-quality	97.12	HMM-based (lower-bound)	0	1	NA
Contig123250987||full	1	dsDNAphage	260902	11	30.1	1.1	260902	No	NA	359	34	14	Complete	High-quality	100	DTR (medium-confidence)	0	1	NA
Contig59135421||full	0.993	dsDNAphage	224591	9	23	1.6	224591	No	NA	397	32	13	High-quality	High-quality	93.62	HMM-based (lower-bound)	0	1	NA
Contig73111104||full	1	dsDNAphage	216263	14	22.8	2.3	216263	No	NA	311	22	11	High-quality	High-quality	100	AAI-based (high-confidence)	0	1	NA
Contig90455972||full	1	dsDNAphage	208063	10	24.6	3.6	208063	No	NA	277	19	11	High-quality	High-quality	96.58	AAI-based (medium-confidence)	0	1	NA
Contig15618873||full	1	dsDNAphage	204165	5	33	1.3	204165	No	NA	319	26	2	High-quality	High-quality	100	AAI-based (medium-confidence)	0	1	NA
Contig151877900||full	0.993	dsDNAphage	190496	25	50.8	2.4	190496	No	NA	248	83	7	High-quality	High-quality	100	AAI-based (medium-confidence)	0	1	NA
Contig35108570||full	0.993	dsDNAphage	177188	3	18.1	1.7	177188	No	NA	237	17	4	High-quality	High-quality	94.95	AAI-based (medium-confidence)	0	1	NA
Contig98839058||full	0.987	dsDNAphage	172811	8	30.5	4.3	172811	No	NA	211	23	6	High-quality	High-quality	100	AAI-based (medium-confidence)	0	1	NA
Contig136669853||full	0.987	dsDNAphage	172215	10	29.9	1.2	172215	No	NA	244	38	7	High-quality	High-quality	100	AAI-based (medium-confidence)	0	1	NA
Contig136620972||full	0.993	dsDNAphage	169624	10	29.5	0.8	169624	No	NA	238	27	5	High-quality	High-quality	100	AAI-based (medium-confidence)	0	1	NA
Contig122963533||full	1	dsDNAphage	164668	15	31.5	0	164668	No	NA	216	30	3	High-quality	High-quality	96.89	HMM-based (lower-bound)	0	1	NA
Contig79742107||full	0.987	dsDNAphage	156320	8	20	0.8	156320	No	NA	251	25	0	High-quality	High-quality	97.01	AAI-based (medium-confidence)	0	1	NA
Contig112467793||full	1	dsDNAphage	156241	10	30.1	0.9	156241	No	NA	227	33	3	High-quality	High-quality	96.73	AAI-based (medium-confidence)	0	1	NA
Contig143601366||full	1	dsDNAphage	148775	11	29.9	1.6	148775	No	NA	251	37	5	High-quality	High-quality	96.8	HMM-based (lower-bound)	0	1	NA
Contig150992567||full	0.873	dsDNAphage	146533	11	26.4	33.8	146533	Yes	38542	148	25	80	Complete	High-quality	100	Provirus (high-confidence)	73.7	1	contig >1.5x longer than expected genome length
Contig24278870||full	1	dsDNAphage	144747	15	33.5	3	144747	No	NA	230	41	9	High-quality	High-quality	100	AAI-based (high-confidence)	0	1	NA
Contig59085900||full	1	dsDNAphage	144159	10	24.2	1.6	144159	No	NA	186	15	5	High-quality	High-quality	91.16	HMM-based (lower-bound)	0	1	NA
Contig9973591||full	0.973	dsDNAphage	139966	5	23.9	5	139966	No	NA	201	18	11	High-quality	High-quality	95.78	HMM-based (lower-bound)	0	1	NA
Contig81974069||full	1	dsDNAphage	134729	2	18.8	0	134729	No	NA	223	9	4	High-quality	High-quality	90.08	HMM-based (lower-bound)	0	1	NA
Contig154649737||full	1	dsDNAphage	130903	5	30.7	1.7	130903	No	NA	231	30	4	High-quality	High-quality	96.59	AAI-based (medium-confidence)	0	1	NA
Contig50624312||full	0.96	dsDNAphage	130196	2	22.8	4.2	130196	No	NA	189	16	0	High-quality	High-quality	93.65	HMM-based (lower-bound)	0	1	NA
Contig152093589||full	0.98	dsDNAphage	127964	5	23.9	2.7	127964	No	NA	226	24	7	High-quality	High-quality	100	AAI-based (high-confidence)	0	1	NA
Contig71648242||full	1	dsDNAphage	125163	4	18.4	1	125163	No	NA	208	17	3	High-quality	High-quality	93.25	HMM-based (lower-bound)	0	1	NA
Contig112642024||full	1	dsDNAphage	120937	11	28	3	120937	No	NA	169	27	5	High-quality	High-quality	100	AAI-based (medium-confidence)	0	1	NA
Contig21073728||full	0.933	dsDNAphage	118523	7	21.3	4.9	118523	No	NA	183	13	4	High-quality	High-quality	100	AAI-based (medium-confidence)	0	1	NA
Contig52159389||full	0.587	dsDNAphage	117300	2	14.3	14.3	117300	No	NA	124	1	67	High-quality	High-quality	100	HMM-based (lower-bound)	0	1	NA
Contig13181563||full	1	dsDNAphage	116021	3	21.7	0.6	116021	No	NA	162	17	3	High-quality	High-quality	94.34	HMM-based (lower-bound)	0	1	NA
Contig76805676||full	0.993	dsDNAphage	115951	5	29.2	1.9	115951	No	NA	155	16	3	High-quality	High-quality	94.15	HMM-based (lower-bound)	0	1	NA
Contig126378795||full	0.993	dsDNAphage	115273	3	29.8	3	115273	Yes	104458	168	18	8	High-quality	High-quality	97.57	AAI-based (medium-confidence)	9.38	1	NA
Contig91243410||full	0.96	dsDNAphage	114408	5	16.7	6.1	114408	No	NA	180	14	9	High-quality	High-quality	90.53	HMM-based (lower-bound)	0	1	NA
Contig125854478||full	0.933	dsDNAphage	113992	4	16.1	4.8	113992	No	NA	168	12	7	High-quality	High-quality	92.68	HMM-based (lower-bound)	0	1	NA
Contig153305335||full	0.967	dsDNAphage	113919	2	16.8	5.2	113919	No	NA	173	10	2	High-quality	High-quality	95.42	HMM-based (lower-bound)	0	1	NA
Contig83599174||0_partial	0.9	dsDNAphage	113610	10	27.8	28.5	113610	Yes	39913	139	34	51	Complete	High-quality	100	Provirus (high-confidence)	64.87	1	contig >1.5x longer than expected genome length
Contig66083496||full	0.993	dsDNAphage	113188	10	27.5	2.7	113188	No	NA	182	22	0	High-quality	High-quality	100	AAI-based (medium-confidence)	0	1	NA
Contig34538069||full	0.953	dsDNAphage	110254	3	15.5	5.3	110254	No	NA	206	22	8	High-quality	High-quality	95.24	HMM-based (lower-bound)	0	1	NA
Contig73771185||full	1	dsDNAphage	110133	3	32.7	0.7	110133	No	NA	147	25	3	High-quality	High-quality	100	AAI-based (high-confidence)	0	1	NA
Contig14903753||full	0.993	dsDNAphage	109071	15	35.4	1.9	109071	No	NA	161	35	4	High-quality	High-quality	100	AAI-based (high-confidence)	0	1	NA
Contig7162542||full	1	dsDNAphage	106572	3	23.3	2.7	106572	No	NA	150	14	3	High-quality	High-quality	96.1	AAI-based (medium-confidence)	0	1	NA
Contig35283177||full	1	dsDNAphage	106488	11	26.4	1	106488	No	NA	193	28	1	High-quality	High-quality	92.81	HMM-based (lower-bound)	0	1	NA
Contig124541541||full	1	dsDNAphage	105522	4	26.2	2.5	105522	No	NA	160	21	2	High-quality	High-quality	99.14	AAI-based (medium-confidence)	0	1	NA
Contig116945720||full	1	dsDNAphage	104948	5	29.2	1.4	104948	No	NA	144	18	3	High-quality	High-quality	98	AAI-based (medium-confidence)	0	1	NA
Contig75321901||full	1	dsDNAphage	104015	5	26.8	3.2	104015	No	NA	157	23	2	High-quality	High-quality	100	AAI-based (medium-confidence)	0	1	contig >1.5x longer than expected genome length
Contig46548736||full	0.94	dsDNAphage	102415	16	26.3	13.5	102415	Yes	63055	133	28	25	Complete	High-quality	100	Provirus (high-confidence)	38.43	1	NA
Contig79102250||full	1	dsDNAphage	100796	2	28.2	3.9	100796	No	NA	131	14	4	High-quality	High-quality	99.21	AAI-based (high-confidence)	0	1	NA
Contig52397181||full	1	dsDNAphage	100078	3	23	3.2	100078	No	NA	126	13	2	High-quality	High-quality	100	AAI-based (high-confidence)	0	1	NA
Contig51191572||full	1	dsDNAphage	98873	2	25	3.6	98873	No	NA	136	9	4	High-quality	High-quality	91.24	HMM-based (lower-bound)	0	1	NA
Contig35743087||full	1	dsDNAphage	98600	2	17.4	2.6	98600	No	NA	155	10	3	High-quality	High-quality	90.2	HMM-based (lower-bound)	0	1	NA
Contig48493721||full	0.993	dsDNAphage	96457	6	24.1	2.5	96457	No	NA	158	17	0	High-quality	High-quality	91.3	HMM-based (lower-bound)	0	1	NA
Contig60208693||full	0.98	dsDNAphage	95496	3	21.5	3.5	95496	No	NA	144	16	2	High-quality	High-quality	99.88	AAI-based (high-confidence)	0	1	NA
Contig90179451||full	0.993	dsDNAphage	95481	2	20.9	2.3	95481	Yes	92975	129	12	4	High-quality	High-quality	90.37	HMM-based (lower-bound)	2.62	1	NA
Contig50535847||full	0.96	dsDNAphage	95307	7	37.2	10.6	95307	Yes	53208	113	12	23	Complete	High-quality	100	Provirus (high-confidence)	44.17	1	contig >1.5x longer than expected genome length
Contig66738441||full	0.98	dsDNAphage	93636	2	19.2	2.6	93636	No	NA	157	12	4	High-quality	High-quality	100	AAI-based (high-confidence)	0	1	NA
Contig22889031||full	0.987	dsDNAphage	93596	1	22	2	93596	No	NA	151	20	2	High-quality	High-quality	100	AAI-based (high-confidence)	0	1	NA
Contig68584382||full	1	dsDNAphage	93486	3	25.7	2.2	93486	No	NA	136	13	7	High-quality	High-quality	100	AAI-based (high-confidence)	0	1	NA
Contig59425896||full	1	dsDNAphage	92554	10	40.7	2.8	92554	Yes	86127	145	24	7	High-quality	High-quality	92.86	AAI-based (medium-confidence)	6.94	1	NA
Contig137760289||full	1	dsDNAphage	92048	3	28.7	1.7	92048	No	NA	115	15	3	High-quality	High-quality	100	AAI-based (medium-confidence)	0	1	NA
Contig44715763||full	1	dsDNAphage	92038	10	33.3	2.8	92038	No	NA	142	16	8	High-quality	High-quality	100	AAI-based (medium-confidence)	0	1	NA
Contig117462305||full	1	dsDNAphage	91059	9	38.1	2.2	91059	No	NA	140	26	8	Complete	High-quality	100	DTR (high-confidence)	0	1	NA
Contig138363403||full	0.993	dsDNAphage	90902	3	26.3	2.5	90902	No	NA	156	22	1	High-quality	High-quality	100	AAI-based (medium-confidence)	0	1	NA
Contig41839793||full	0.993	dsDNAphage	90478	7	34	1.3	90478	No	NA	156	24	0	High-quality	High-quality	100	AAI-based (medium-confidence)	0	1	contig >1.5x longer than expected genome length
Contig115671543||full	1	dsDNAphage	90331	3	25.9	3.1	90331	No	NA	159	22	1	High-quality	High-quality	100	AAI-based (medium-confidence)	0	1	NA
Contig63443838||full	0.987	dsDNAphage	87874	2	19.7	2.6	87874	No	NA	117	12	1	High-quality	High-quality	94.98	AAI-based (medium-confidence)	0	1	NA
Contig56001564||full	1	dsDNAphage	87610	4	23.4	2.5	87610	No	NA	154	18	2	High-quality	High-quality	100	AAI-based (medium-confidence)	0	1	NA
Contig65405927||full	0.993	dsDNAphage	87298	5	26.3	2.5	87298	No	NA	118	14	2	High-quality	High-quality	100	AAI-based (medium-confidence)	0	1	NA
Contig78432571||full	1	dsDNAphage	85810	1	29.6	3	85810	No	NA	135	21	0	High-quality	High-quality	100	AAI-based (medium-confidence)	0	1	NA
Contig63635576||full	0.993	dsDNAphage	85189	1	19	1.3	85189	No	NA	159	14	2	High-quality	High-quality	98.34	AAI-based (medium-confidence)	0	1	NA
Contig105688658||full	1	dsDNAphage	83156	3	27	2.9	83156	No	NA	137	14	4	High-quality	High-quality	97.84	AAI-based (medium-confidence)	0	1	NA
Contig71049667||full	0.98	dsDNAphage	82457	5	20.6	3.7	82457	No	NA	137	13	5	High-quality	High-quality	100	AAI-based (high-confidence)	0	1	NA
Contig8743130||full	0.84	dsDNAphage	81579	5	13.9	12	81579	Yes	54594	108	11	12	High-quality	High-quality	95.06	AAI-based (medium-confidence)	33.08	1	NA
Contig23724930||full	0.993	dsDNAphage	81554	1	23.1	2.2	81554	No	NA	133	14	4	High-quality	High-quality	100	AAI-based (medium-confidence)	0	1	NA
Contig90514614||full	0.993	dsDNAphage	81482	1	26.4	3.8	81482	No	NA	106	11	2	High-quality	High-quality	100	AAI-based (medium-confidence)	0	1	NA
Contig50229537||full	0.987	dsDNAphage	80838	6	17.6	1.4	80838	No	NA	142	14	2	High-quality	High-quality	91.84	HMM-based (lower-bound)	0	1	NA
Contig125776507||full	0.98	dsDNAphage	78393	3	21.9	2.1	78393	No	NA	96	8	4	High-quality	High-quality	100	AAI-based (high-confidence)	0	1	NA
Contig15611442||full	0.987	dsDNAphage	77891	2	21.1	0	77891	No	NA	109	10	5	High-quality	High-quality	100	AAI-based (medium-confidence)	0	1	NA
Contig35224228||full	0.967	dsDNAphage	77682	3	20.9	3.3	77682	No	NA	91	8	3	High-quality	High-quality	100	AAI-based (high-confidence)	0	1	NA
Contig3124805||full	0.82	dsDNAphage	77537	0	11.9	3	77537	No	NA	137	8	4	High-quality	High-quality	100	AAI-based (medium-confidence)	0	1	NA
Contig40043020||full	0.953	dsDNAphage	76860	3	21.6	3.1	76860	No	NA	98	9	2	High-quality	High-quality	100	AAI-based (medium-confidence)	0	1	NA
Contig125058707||full	1	dsDNAphage	76847	2	29.6	5.2	76847	No	NA	116	16	6	High-quality	High-quality	100	AAI-based (medium-confidence)	0	1	NA
Contig96803426||full	1	dsDNAphage	76020	6	34.5	1.8	76020	No	NA	113	14	4	High-quality	High-quality	100	AAI-based (high-confidence)	0	1	NA
Contig89850351||full	0.993	dsDNAphage	74493	15	28.9	2	74493	No	NA	152	32	1	High-quality	High-quality	93.52	HMM-based (lower-bound)	0	1	NA
Contig78200522||full	0.993	dsDNAphage	74463	4	32.4	1	74463	No	NA	102	15	2	High-quality	High-quality	100	AAI-based (medium-confidence)	0	1	NA
Contig85853890||full	1	dsDNAphage	74178	5	26.8	0.9	74178	No	NA	113	17	1	High-quality	High-quality	100	AAI-based (medium-confidence)	0	1	NA
Contig152826812||full	1	dsDNAphage	73596	8	42.2	2.2	73596	No	NA	90	24	1	High-quality	High-quality	93.25	AAI-based (medium-confidence)	0	1	NA
Contig43289249||full	1	dsDNAphage	73595	16	39.2	3.3	73595	No	NA	120	29	4	Complete	High-quality	100	DTR (high-confidence)	0	1	NA
Contig115269278||full	0.993	dsDNAphage	73016	6	27.1	1.9	73016	No	NA	107	15	0	High-quality	High-quality	100	AAI-based (medium-confidence)	0	1	NA
Contig86749660||full	0.98	dsDNAphage	72352	4	34.9	0	72352	No	NA	109	21	0	High-quality	High-quality	100	AAI-based (high-confidence)	0	1	NA
Contig69422512||full	1	dsDNAphage	72091	11	47.3	1.1	72091	No	NA	92	26	1	High-quality	High-quality	93.27	AAI-based (medium-confidence)	0	1	NA
Contig146717681||full	0.82	dsDNAphage	72036	0	33.3	3.3	72036	No	NA	92	9	5	High-quality	High-quality	95.18	AAI-based (medium-confidence)	0	1	NA
Contig53353406||full	0.967	dsDNAphage	72017	2	26	2.1	72017	No	NA	96	4	1	High-quality	High-quality	100	AAI-based (medium-confidence)	0	1	NA
Contig59592305||full	0.993	dsDNAphage	71747	4	33.9	0.9	71747	No	NA	110	20	2	High-quality	High-quality	100	AAI-based (high-confidence)	0	1	NA
Contig153579451||full	0.98	dsDNAphage	71698	7	34.7	9.5	71698	Yes	52305	95	20	11	High-quality	High-quality	99.44	AAI-based (medium-confidence)	27.05	1	NA
Contig60261127||full	0.993	dsDNAphage	71040	2	39.8	0	71040	No	NA	108	18	0	High-quality	High-quality	100	AAI-based (medium-confidence)	0	1	NA
Contig77229552||full	1	dsDNAphage	70770	6	34.7	10.2	70770	Yes	57428	98	22	9	High-quality	High-quality	100	AAI-based (medium-confidence)	18.85	1	NA
Contig86750038||full	1	dsDNAphage	70362	1	28	0	70362	No	NA	94	13	1	High-quality	High-quality	100	AAI-based (high-confidence)	0	1	NA
Contig98220822||full	1	dsDNAphage	70119	4	31.2	2.7	70119	No	NA	112	17	1	High-quality	High-quality	100	AAI-based (high-confidence)	0	1	NA
Contig104058907||full	0.987	dsDNAphage	69779	5	23	1.6	69779	No	NA	126	14	1	High-quality	High-quality	91.74	HMM-based (lower-bound)	0	1	NA
Contig85678966||full	0.993	dsDNAphage	69777	7	19.3	1.6	69777	No	NA	120	11	1	High-quality	High-quality	100	AAI-based (high-confidence)	0	1	NA
Contig72777081||full	0.98	dsDNAphage	69529	2	12.9	3.2	69529	No	NA	124	4	3	High-quality	High-quality	100	AAI-based (high-confidence)	0	1	NA
Contig96963267||full	1	dsDNAphage	69390	25	47.1	0	69390	No	NA	105	45	0	High-quality	High-quality	100	AAI-based (high-confidence)	0	1	NA
Contig102651470||full	0.92	dsDNAphage	69270	0	14.5	5.3	69270	No	NA	131	2	11	High-quality	High-quality	100	HMM-based (lower-bound)	0	1	NA
Contig37529703||full	0.987	dsDNAphage	68952	5	21.6	4.1	68952	No	NA	98	8	0	High-quality	High-quality	100	AAI-based (medium-confidence)	0	1	NA
Contig72788508||full	0.993	dsDNAphage	68735	13	37.8	0	68735	No	NA	82	16	0	High-quality	High-quality	100	AAI-based (medium-confidence)	0	1.76	high kmer_freq may indicate large duplication; contig >1.5x longer than expected genome length; low-confidence DTR
Contig141948268||full	1	dsDNAphage	68683	12	29.9	0.9	68683	No	NA	107	26	0	High-quality	High-quality	100	AAI-based (medium-confidence)	0	1	NA
Contig111382818||full	1	dsDNAphage	68513	5	37.4	1	68513	No	NA	99	19	2	High-quality	High-quality	100	AAI-based (high-confidence)	0	1	NA
Contig32388511||full	0.993	dsDNAphage	68337	1	20.5	1.8	68337	No	NA	113	8	0	High-quality	High-quality	94.13	AAI-based (medium-confidence)	0	1	NA
Contig25304145||full	1	dsDNAphage	67147	5	38.2	1.1	67147	No	NA	89	19	1	High-quality	High-quality	100	AAI-based (medium-confidence)	0	1	NA
Contig109678350||full	0.993	dsDNAphage	67137	4	37.1	7.6	67137	No	NA	105	17	0	High-quality	High-quality	100	AAI-based (high-confidence)	0	1	NA
Contig70635346||full	0.993	dsDNAphage	66777	3	18	1	66777	No	NA	100	9	2	High-quality	High-quality	100	AAI-based (medium-confidence)	0	1	NA
Contig16082042||full	0.993	dsDNAphage	66776	9	31.2	2.1	66776	No	NA	97	17	0	High-quality	High-quality	92.54	HMM-based (lower-bound)	0	1	NA
Contig99453606||full	1	dsDNAphage	66695	9	27.4	0.9	66695	No	NA	113	12	1	High-quality	High-quality	93.45	AAI-based (high-confidence)	0	1	NA
Contig91422873||full	1	dsDNAphage	66694	4	31.8	3.4	66694	No	NA	89	16	3	High-quality	High-quality	100	AAI-based (medium-confidence)	0	1	NA
Contig74359712||full	0.98	dsDNAphage	66615	5	40.4	2.1	66615	No	NA	95	13	1	High-quality	High-quality	100	AAI-based (medium-confidence)	0	1	NA
Contig103393311||full	1	dsDNAphage	66564	9	39	0	66564	No	NA	101	29	0	Complete	High-quality	100	DTR (high-confidence)	0	1	NA
Contig87520982||full	0.993	dsDNAphage	66544	8	35	2	66544	No	NA	100	27	1	High-quality	High-quality	100	AAI-based (medium-confidence)	0	1	NA
Contig74269475||full	1	dsDNAphage	64627	9	38.7	3.2	64627	No	NA	94	21	3	High-quality	High-quality	100	AAI-based (medium-confidence)	0	1	NA
Contig156366259||full	1	dsDNAphage	64506	3	37	6	64506	No	NA	100	22	2	High-quality	High-quality	100	AAI-based (high-confidence)	0	1	NA
Contig80212091||full	1	dsDNAphage	62998	3	30.5	2.4	62998	No	NA	83	9	1	High-quality	High-quality	97.97	AAI-based (medium-confidence)	0	1	NA
Contig105356834||full	0.993	dsDNAphage	62528	5	31.8	3.7	62528	No	NA	108	15	2	High-quality	High-quality	100	AAI-based (high-confidence)	0	1	NA
Contig121505797||full	0.993	dsDNAphage	62390	8	41.5	0	62390	No	NA	94	14	0	High-quality	High-quality	100	AAI-based (medium-confidence)	0	1	NA
Contig47126208||full	0.967	dsDNAphage	62378	9	50.7	8.5	62378	Yes	38272	71	29	11	Complete	High-quality	100	Provirus (medium-confidence)	38.65	1	NA
Contig131552658||full	0.98	dsDNAphage	62364	6	20.6	1.9	62364	No	NA	107	11	1	High-quality	High-quality	100	AAI-based (medium-confidence)	0	1	NA
Contig78798105||full	0.987	dsDNAphage	61779	7	18	4.5	61779	No	NA	111	16	0	High-quality	High-quality	99.93	AAI-based (high-confidence)	0	1	NA
Contig121394450||full	1	dsDNAphage	61657	5	40.2	0	61657	No	NA	87	16	0	High-quality	High-quality	100	AAI-based (medium-confidence)	0	1	NA
Contig32037392||full	0.993	dsDNAphage	61597	8	43.4	1.2	61597	No	NA	84	18	0	High-quality	High-quality	100	AAI-based (medium-confidence)	0	1	NA
Contig101385235||full	0.993	dsDNAphage	61447	1	18	1.1	61447	No	NA	89	7	0	High-quality	High-quality	97.34	AAI-based (high-confidence)	0	1	NA
Contig8016591||full	0.987	dsDNAphage	61424	5	24.2	4	61424	No	NA	99	13	2	High-quality	High-quality	100	AAI-based (high-confidence)	0	1	NA
Contig118309958||full	0.987	dsDNAphage	61404	10	34.2	7.2	61404	No	NA	111	20	5	High-quality	High-quality	100	AAI-based (medium-confidence)	0	1	NA
Contig41657590||full	0.953	dsDNAphage	61324	1	13.9	1	61324	No	NA	101	2	1	High-quality	High-quality	93.5	HMM-based (lower-bound)	0	1	NA
Contig99306704||full	0.993	dsDNAphage	60984	5	27.1	1	60984	No	NA	96	9	1	High-quality	High-quality	100	AAI-based (medium-confidence)	0	1	NA
Contig110852675||full	1	dsDNAphage	60824	5	35.6	1.1	60824	No	NA	87	18	0	High-quality	High-quality	100	AAI-based (medium-confidence)	0	1	NA
Contig78964859||full	1	dsDNAphage	60806	5	31.1	0	60806	No	NA	91	14	0	High-quality	High-quality	100	AAI-based (medium-confidence)	0	1	NA
Contig27738626||full	0.993	dsDNAphage	60088	5	25	1	60088	No	NA	96	19	0	High-quality	High-quality	100	AAI-based (high-confidence)	0	1	NA
Contig145451644||full	1	dsDNAphage	59939	6	33.3	4.8	59939	No	NA	85	16	4	High-quality	High-quality	100	AAI-based (medium-confidence)	0	1	NA
Contig89701461||full	0.993	dsDNAphage	59608	7	30	2.5	59608	No	NA	81	11	2	High-quality	High-quality	100	AAI-based (high-confidence)	0	1	NA
Contig111721264||full	0.987	dsDNAphage	58609	3	21.8	3	58609	No	NA	102	12	0	High-quality	High-quality	100	AAI-based (medium-confidence)	0	1	NA
Contig104763881||full	0.98	dsDNAphage	58313	7	49.3	8	58313	Yes	37365	75	19	16	High-quality	High-quality	90.97	AAI-based (medium-confidence)	35.92	1	NA
Contig49288768||full	1	dsDNAphage	58308	3	28.9	1.1	58308	No	NA	91	7	1	High-quality	High-quality	100	AAI-based (medium-confidence)	0	1	NA
Contig64386701||full	0.98	dsDNAphage	57672	2	16.2	4.1	57672	No	NA	74	4	1	High-quality	High-quality	100	AAI-based (medium-confidence)	0	1	NA
Contig119920414||full	0.993	dsDNAphage	57205	8	26.2	1	57205	No	NA	103	17	0	High-quality	High-quality	97.27	AAI-based (high-confidence)	0	1	NA
Contig156358283||full	1	dsDNAphage	57169	8	33.7	2.3	57169	No	NA	86	16	2	High-quality	High-quality	100	AAI-based (medium-confidence)	0	1	NA
Contig39608419||full	1	dsDNAphage	57150	7	46.2	2.6	57150	No	NA	79	16	2	High-quality	High-quality	100	AAI-based (medium-confidence)	0	1	contig >1.5x longer than expected genome length
Contig26118042||full	1	dsDNAphage	57137	4	47.9	2.1	57137	No	NA	94	19	0	High-quality	High-quality	100	AAI-based (medium-confidence)	0	1	NA
Contig21648553||full	0.993	dsDNAphage	56822	3	30.7	1.1	56822	No	NA	88	15	2	High-quality	High-quality	100	AAI-based (medium-confidence)	0	1	NA
Contig30068490||full	0.993	dsDNAphage	56760	4	12.8	0	56760	No	NA	87	10	0	High-quality	High-quality	90.46	AAI-based (medium-confidence)	0	1	NA
Contig100412797||full	1	dsDNAphage	55794	7	36.8	2.1	55794	No	NA	95	20	1	High-quality	High-quality	100	AAI-based (medium-confidence)	0	1	NA
Contig40020673||full	0.933	dsDNAphage	55434	2	13.6	4.5	55434	No	NA	66	5	1	High-quality	High-quality	100	AAI-based (medium-confidence)	0	1	NA
Contig28143035||full	1	dsDNAphage	55200	4	30.7	0	55200	No	NA	75	15	0	High-quality	High-quality	100	AAI-based (medium-confidence)	0	1	NA
Contig12648727||full	1	dsDNAphage	55147	2	26.5	2.9	55147	No	NA	68	8	1	High-quality	High-quality	90.05	AAI-based (medium-confidence)	0	1	NA
Contig116446065||full	1	dsDNAphage	55008	1	28.8	2.5	55008	No	NA	80	12	1	High-quality	High-quality	100	AAI-based (medium-confidence)	0	1	NA
Contig63580391||full	1	dsDNAphage	54756	5	31.3	4.8	54756	No	NA	83	16	3	High-quality	High-quality	92.61	AAI-based (medium-confidence)	0	1	NA
Contig144151658||full	1	dsDNAphage	53377	1	28.6	0	53377	No	NA	63	5	2	High-quality	High-quality	94.89	AAI-based (medium-confidence)	0	1	NA
Contig122201875||full	1	dsDNAphage	53012	16	58.6	1.4	53012	No	NA	70	33	1	High-quality	High-quality	100	AAI-based (high-confidence)	0	1	NA
Contig120205662||full	1	dsDNAphage	52774	17	62	0	52774	No	NA	71	36	0	High-quality	High-quality	100	AAI-based (high-confidence)	0	1	NA
Contig70763265||full	0.993	dsDNAphage	52735	9	49.4	7.4	52735	No	NA	81	19	3	High-quality	High-quality	100	AAI-based (medium-confidence)	0	1	NA
Contig134429416||full	1	dsDNAphage	52589	14	45.1	1.1	52589	No	NA	91	28	1	High-quality	High-quality	100	AAI-based (medium-confidence)	0	1	NA
Contig88444615||full	1	dsDNAphage	52481	1	32.3	3.1	52481	No	NA	66	4	4	High-quality	High-quality	94.09	AAI-based (medium-confidence)	0	1	NA
Contig117849832||full	1	dsDNAphage	52307	7	30	0	52307	No	NA	70	13	0	High-quality	High-quality	100	AAI-based (medium-confidence)	0	1	NA
Contig95076123||full	1	dsDNAphage	52298	7	29.6	0	52298	No	NA	71	16	1	High-quality	High-quality	100	AAI-based (high-confidence)	0	1	NA
Contig131377091||full	0.993	dsDNAphage	52184	2	15.3	4.7	52184	No	NA	85	2	2	High-quality	High-quality	92.06	AAI-based (medium-confidence)	0	1	NA
Contig83863418||full	0.993	dsDNAphage	52170	6	33.3	0	52170	No	NA	67	14	0	High-quality	High-quality	100	AAI-based (medium-confidence)	0	1	NA
Contig112655699||0_partial	0.893	dsDNAphage	52138	5	32.4	14.7	52138	Yes	37805	56	8	8	High-quality	High-quality	100	AAI-based (medium-confidence)	27.49	1	contig >1.5x longer than expected genome length
Contig17776279||full	1	dsDNAphage	51616	2	15.1	0	51616	No	NA	73	6	1	High-quality	High-quality	100	AAI-based (high-confidence)	0	1	NA
Contig29623608||full	0.993	dsDNAphage	51411	6	28.9	0	51411	No	NA	84	17	0	High-quality	High-quality	100	AAI-based (medium-confidence)	0	1	NA
Contig18430635||full	1	dsDNAphage	50936	5	32	4	50936	No	NA	75	16	4	High-quality	High-quality	96.57	AAI-based (medium-confidence)	0	1	NA
Contig101426255||full	0.84	dsDNAphage	50905	0	22.6	1.6	50905	No	NA	61	4	0	High-quality	High-quality	95.81	AAI-based (medium-confidence)	0	1	NA
Contig151766216||full	1	dsDNAphage	50755	16	54.4	0	50755	No	NA	80	28	0	High-quality	High-quality	100	AAI-based (high-confidence)	0	1	NA
Contig113982837||full	0.913	dsDNAphage	50641	3	17.6	7.4	50641	No	NA	68	6	1	High-quality	High-quality	100	AAI-based (medium-confidence)	0	1	NA
Contig142071100||full	1	dsDNAphage	50594	5	27.7	1.5	50594	No	NA	66	10	2	High-quality	High-quality	100	AAI-based (high-confidence)	0	1	NA
Contig84320422||full	1	dsDNAphage	50593	3	23.2	1.4	50593	No	NA	70	9	0	High-quality	High-quality	100	AAI-based (medium-confidence)	0	1	NA
Contig125356407||full	1	dsDNAphage	50355	5	35.3	1.5	50355	No	NA	68	11	0	High-quality	High-quality	100	AAI-based (high-confidence)	0	1	NA
Contig140573982||full	1	dsDNAphage	49941	5	23.1	1.3	49941	No	NA	79	9	0	High-quality	High-quality	100	AAI-based (high-confidence)	0	1	NA
Contig128253172||full	0.993	dsDNAphage	49896	5	34.8	0	49896	No	NA	66	14	0	High-quality	High-quality	99.23	AAI-based (medium-confidence)	0	1	NA
Contig96464980||full	1	dsDNAphage	49720	2	32.9	2.5	49720	No	NA	79	15	1	High-quality	High-quality	98.68	AAI-based (high-confidence)	0	1	NA
Contig64954563||full	0.987	dsDNAphage	49694	3	11.3	1.6	49694	No	NA	62	5	1	High-quality	High-quality	100	AAI-based (medium-confidence)	0	1	NA
Contig77766519||full	0.993	dsDNAphage	49598	5	27.3	2.6	49598	No	NA	77	10	1	High-quality	High-quality	100	AAI-based (medium-confidence)	0	1	NA
Contig116942137||full	0.993	dsDNAphage	49537	13	43.4	2.6	49537	No	NA	77	23	0	High-quality	High-quality	100	AAI-based (medium-confidence)	0	1	NA
Contig180500||full	1	dsDNAphage	49519	2	28.8	1.2	49519	No	NA	80	14	0	High-quality	High-quality	98.27	AAI-based (high-confidence)	0	1	NA
Contig140571323||full	1	dsDNAphage	49426	2	30.8	1.3	49426	No	NA	79	14	0	High-quality	High-quality	98.11	AAI-based (high-confidence)	0	1	NA
Contig89549207||full	1	dsDNAphage	49396	4	46.3	1.2	49396	No	NA	82	22	1	High-quality	High-quality	99.56	AAI-based (medium-confidence)	0	1	NA
Contig38290607||full	1	dsDNAphage	49112	1	22.9	2.9	49112	No	NA	70	5	0	High-quality	High-quality	96.64	AAI-based (medium-confidence)	0	1	NA
Contig63117449||full	1	dsDNAphage	48876	10	36.6	1.4	48876	No	NA	71	20	0	High-quality	High-quality	100	AAI-based (medium-confidence)	0	1	NA
Contig102241731||full	1	dsDNAphage	48791	3	20.8	1.3	48791	No	NA	78	8	3	High-quality	High-quality	97.49	AAI-based (medium-confidence)	0	1	NA
Contig95610497||full	1	dsDNAphage	48758	4	34.7	1.3	48758	No	NA	75	20	0	High-quality	High-quality	100	AAI-based (high-confidence)	0	1	NA
Contig15692384||full	0.993	dsDNAphage	48511	2	19.2	3.8	48511	No	NA	78	10	1	High-quality	High-quality	100	AAI-based (medium-confidence)	0	1	NA
Contig126581579||full	1	dsDNAphage	48497	5	30.3	1.3	48497	No	NA	76	19	1	High-quality	High-quality	92.15	AAI-based (medium-confidence)	0	1	NA
Contig78030147||full	0.993	dsDNAphage	48488	3	30.3	3	48488	No	NA	66	9	0	High-quality	High-quality	99.65	AAI-based (high-confidence)	0	1	NA
Contig132206325||full	1	dsDNAphage	48178	2	8.5	2.8	48178	No	NA	72	6	0	High-quality	High-quality	100	AAI-based (medium-confidence)	0	1	NA
Contig103312358||full	1	dsDNAphage	48149	9	37.3	0	48149	No	NA	67	14	0	High-quality	High-quality	100	AAI-based (high-confidence)	0	1	NA
Contig117463258||full	0.947	dsDNAphage	48007	2	10.3	5.9	48007	No	NA	68	2	1	High-quality	High-quality	98.63	AAI-based (medium-confidence)	0	1	NA
Contig62568248||full	1	dsDNAphage	47911	5	32.9	0	47911	No	NA	74	17	0	High-quality	High-quality	100	AAI-based (high-confidence)	0	1	NA
Contig23346841||full	0.993	dsDNAphage	47871	7	25.4	0	47871	No	NA	67	10	1	High-quality	High-quality	100	AAI-based (medium-confidence)	0	1	NA
Contig138168906||full	1	dsDNAphage	47871	5	47.6	1.6	47871	No	NA	63	25	0	High-quality	High-quality	99.34	AAI-based (medium-confidence)	0	1	NA
Contig77078185||full	0.987	dsDNAphage	47399	5	29.6	5.6	47399	No	NA	70	9	2	High-quality	High-quality	100	AAI-based (medium-confidence)	0	1	NA
Contig121283774||full	0.993	dsDNAphage	47301	1	15.5	1.4	47301	No	NA	71	7	1	High-quality	High-quality	100	AAI-based (medium-confidence)	0	1	NA
Contig63408416||full	1	dsDNAphage	47199	3	46.7	1.3	47199	No	NA	76	15	3	High-quality	High-quality	96.99	AAI-based (medium-confidence)	0	1	NA
Contig74672248||full	1	dsDNAphage	47194	2	16.7	1.4	47194	No	NA	72	10	0	High-quality	High-quality	100	AAI-based (medium-confidence)	0	1	NA
Contig96885133||full	0.993	dsDNAphage	47169	3	22.8	2.5	47169	No	NA	79	10	0	High-quality	High-quality	100	AAI-based (medium-confidence)	0	1	NA
Contig7603092||full	1	dsDNAphage	47129	1	10.8	2.7	47129	No	NA	75	4	1	High-quality	High-quality	99.53	AAI-based (medium-confidence)	0	1	NA
Contig11940187||full	0.993	dsDNAphage	47101	9	45.3	3.2	47101	No	NA	64	25	1	High-quality	High-quality	100	AAI-based (medium-confidence)	0	1	NA
Contig147054937||full	0.993	dsDNAphage	47036	1	16.7	0	47036	No	NA	67	8	0	High-quality	High-quality	100	AAI-based (medium-confidence)	0	1	NA
Contig150186719||full	0.993	dsDNAphage	47036	6	39.3	0	47036	No	NA	62	13	0	High-quality	High-quality	100	AAI-based (medium-confidence)	0	1	NA
Contig99138280||full	1	dsDNAphage	46963	18	53	0	46963	No	NA	67	35	1	High-quality	High-quality	98.54	AAI-based (high-confidence)	0	1	NA
Contig52105525||full	0.993	dsDNAphage	46911	1	18.1	1.4	46911	No	NA	73	4	2	High-quality	High-quality	100	AAI-based (high-confidence)	0	1	NA
Contig38783689||full	1	dsDNAphage	46871	2	18.3	0	46871	No	NA	71	7	0	High-quality	High-quality	100	AAI-based (medium-confidence)	0	1	NA
Contig44390337||full	0.973	dsDNAphage	46870	1	12.5	4.7	46870	No	NA	64	4	1	High-quality	High-quality	98.7	AAI-based (medium-confidence)	0	1	NA
Contig15913245||full	0.993	dsDNAphage	46851	1	30.5	0	46851	No	NA	59	5	1	High-quality	High-quality	100	AAI-based (medium-confidence)	0	1	NA
Contig68686550||full	0.993	dsDNAphage	46842	10	42.5	0	46842	No	NA	73	25	1	High-quality	High-quality	100	AAI-based (medium-confidence)	0	1	NA
Contig95749427||full	1	dsDNAphage	46831	3	27.7	1.5	46831	No	NA	65	8	0	High-quality	High-quality	100	AAI-based (medium-confidence)	0	1	NA
Contig110503346||full	1	dsDNAphage	46536	5	44.4	0	46536	No	NA	63	19	0	High-quality	High-quality	100	AAI-based (medium-confidence)	0	1	NA
Contig147068327||full	0.987	dsDNAphage	46468	4	23.4	3.1	46468	No	NA	64	4	1	High-quality	High-quality	100	AAI-based (medium-confidence)	0	1	NA
Contig132645044||full	0.967	dsDNAphage	46459	1	36.2	0	46459	No	NA	59	6	0	High-quality	High-quality	99.82	AAI-based (medium-confidence)	0	1	NA
Contig47075825||full	1	dsDNAphage	46426	5	37.1	1.6	46426	No	NA	63	13	0	High-quality	High-quality	100	AAI-based (medium-confidence)	0	1	NA
Contig115933846||full	0.96	dsDNAphage	46311	2	11.1	2.8	46311	No	NA	72	5	1	High-quality	High-quality	93.77	AAI-based (medium-confidence)	0	1	NA
Contig58059052||full	0.993	dsDNAphage	46172	16	51.2	4.9	46172	No	NA	83	39	0	High-quality	High-quality	100	AAI-based (high-confidence)	0	1	NA
Contig59518128||full	1	dsDNAphage	46105	7	46.4	1.4	46105	No	NA	69	21	0	High-quality	High-quality	100	AAI-based (medium-confidence)	0	1	NA
Contig118977672||full	1	dsDNAphage	46032	1	14.9	0	46032	No	NA	74	2	0	High-quality	High-quality	100	AAI-based (high-confidence)	0	1	NA
Contig61024323||full	1	dsDNAphage	45936	2	30.3	1.3	45936	No	NA	76	16	0	High-quality	High-quality	98.42	AAI-based (medium-confidence)	0	1	NA
Contig73397290||full	1	dsDNAphage	45934	4	37.5	0	45934	No	NA	73	18	1	High-quality	High-quality	100	AAI-based (medium-confidence)	0	1	NA
Contig997772||full	1	dsDNAphage	45887	2	18.2	0	45887	No	NA	55	4	3	High-quality	High-quality	100	AAI-based (high-confidence)	0	1	NA
Contig79037903||full	0.993	dsDNAphage	45821	7	49.1	0	45821	No	NA	58	17	0	High-quality	High-quality	100	AAI-based (high-confidence)	0	1	NA
Contig35807353||full	0.987	dsDNAphage	45789	1	10.3	1.5	45789	No	NA	68	3	1	High-quality	High-quality	97.28	AAI-based (high-confidence)	0	1	NA
Contig86771143||full	0.993	dsDNAphage	45754	1	25	0	45754	No	NA	72	8	1	High-quality	High-quality	100	AAI-based (medium-confidence)	0	1	NA
Contig70393949||full	1	dsDNAphage	45701	3	21.1	2.8	45701	No	NA	72	3	1	High-quality	High-quality	95.51	AAI-based (medium-confidence)	0	1	NA
Contig113443163||full	1	dsDNAphage	45651	19	58.8	0	45651	No	NA	69	37	0	High-quality	High-quality	100	AAI-based (medium-confidence)	0	1	NA
Contig32740004||full	1	dsDNAphage	45536	7	41.7	0	45536	No	NA	61	17	0	High-quality	High-quality	100	AAI-based (medium-confidence)	0	1	NA
Contig11571077||full	0.987	dsDNAphage	45471	3	14.9	2.7	45471	No	NA	74	6	1	High-quality	High-quality	100	AAI-based (high-confidence)	0	1	NA
Contig4812471||full	1	dsDNAphage	45398	6	38	2.5	45398	No	NA	79	14	0	High-quality	High-quality	100	AAI-based (medium-confidence)	0	1	NA
Contig58272243||full	1	dsDNAphage	45374	6	44.1	0	45374	No	NA	59	17	0	Complete	High-quality	100	DTR (high-confidence)	0	1	NA
Contig65869071||full	0.993	dsDNAphage	45351	4	25.8	3.2	45351	No	NA	62	7	3	High-quality	High-quality	100	AAI-based (medium-confidence)	0	1	NA
Contig60990670||full	0.973	dsDNAphage	45086	7	46.6	5.2	45086	No	NA	58	24	1	High-quality	High-quality	100	AAI-based (medium-confidence)	0	1	NA
Contig97712198||full	0.98	dsDNAphage	44997	1	22.4	1.7	44997	No	NA	59	8	1	High-quality	High-quality	92.45	AAI-based (high-confidence)	0	1	NA
Contig3337704||full	1	dsDNAphage	44964	8	44.4	0	44964	No	NA	63	24	0	High-quality	High-quality	100	AAI-based (high-confidence)	0	1	NA
Contig2570646||full	0.993	dsDNAphage	44839	7	36.2	0	44839	No	NA	70	16	0	High-quality	High-quality	93.92	AAI-based (high-confidence)	0	1	NA
Contig65833011||full	1	dsDNAphage	44808	3	36.4	1.5	44808	No	NA	67	13	1	High-quality	High-quality	95.52	AAI-based (medium-confidence)	0	1	NA
Contig113929306||full	1	dsDNAphage	44777	1	17.7	0	44777	No	NA	79	4	1	High-quality	High-quality	95.18	AAI-based (high-confidence)	0	1	NA
Contig107633480||full	1	dsDNAphage	44597	3	29.7	3.1	44597	No	NA	64	8	1	High-quality	High-quality	100	AAI-based (high-confidence)	0	1	NA
Contig52024668||full	1	dsDNAphage	44492	3	24.6	0	44492	No	NA	70	9	1	High-quality	High-quality	100	AAI-based (medium-confidence)	0	1	NA
Contig11293165||full	1	dsDNAphage	44411	4	32.8	0	44411	No	NA	67	11	0	High-quality	High-quality	99.05	AAI-based (high-confidence)	0	1	NA
Contig34510663||full	0.993	dsDNAphage	44387	4	16.2	2.9	44387	No	NA	68	2	3	High-quality	High-quality	93.13	AAI-based (medium-confidence)	0	1	NA
Contig117273256||full	0.98	dsDNAphage	44357	6	28.9	2.6	44357	No	NA	76	12	0	High-quality	High-quality	96.57	AAI-based (medium-confidence)	0	1	NA
Contig72384269||full	1	dsDNAphage	44288	5	43.9	0	44288	No	NA	66	19	0	High-quality	High-quality	100	AAI-based (medium-confidence)	0	1	NA
Contig91671883||full	1	dsDNAphage	44028	5	36.1	1.6	44028	No	NA	61	12	0	High-quality	High-quality	91.62	AAI-based (high-confidence)	0	1	NA
Contig16643763||full	0.987	dsDNAphage	43983	3	33.8	4.6	43983	No	NA	65	8	1	High-quality	High-quality	91.55	AAI-based (medium-confidence)	0	1	NA
Contig155633282||full	1	dsDNAphage	43914	3	27.3	1.3	43914	No	NA	77	8	0	High-quality	High-quality	100	AAI-based (high-confidence)	0	1	NA
Contig102604416||full	1	dsDNAphage	43813	2	43.3	6	43813	No	NA	67	12	1	Complete	High-quality	100	DTR (high-confidence)	0	1	NA
Contig31647895||full	1	dsDNAphage	43779	6	42.6	0	43779	No	NA	69	13	0	High-quality	High-quality	100	AAI-based (medium-confidence)	0	1	NA
Contig56052729||full	1	dsDNAphage	43743	7	29.7	0	43743	No	NA	74	15	0	High-quality	High-quality	100	AAI-based (medium-confidence)	0	1	NA
Contig25183977||full	1	dsDNAphage	43720	3	33.3	0	43720	No	NA	54	7	0	High-quality	High-quality	100	AAI-based (medium-confidence)	0	1	NA
Contig85170946||full	1	dsDNAphage	43720	7	33.8	2.8	43720	No	NA	71	13	0	High-quality	High-quality	95.51	AAI-based (high-confidence)	0	1	NA
Contig81864844||full	1	dsDNAphage	43659	1	17.4	4.3	43659	No	NA	69	5	1	High-quality	High-quality	92.59	AAI-based (medium-confidence)	0	1	NA
Contig82608310||full	0.993	dsDNAphage	43620	3	30.2	0	43620	No	NA	63	10	0	High-quality	High-quality	100	AAI-based (medium-confidence)	0	1	NA
Contig43133125||full	0.993	dsDNAphage	43509	5	23.1	0	43509	No	NA	78	11	1	High-quality	High-quality	100	AAI-based (medium-confidence)	0	1	NA
Contig45849561||full	0.987	dsDNAphage	43415	7	37.7	1.6	43415	No	NA	62	24	0	High-quality	High-quality	99.46	AAI-based (medium-confidence)	0	1	NA
Contig142298510||full	0.987	dsDNAphage	43413	2	25.3	6.7	43413	No	NA	75	6	2	High-quality	High-quality	100	AAI-based (high-confidence)	0	1	NA
Contig14147263||full	0.993	dsDNAphage	43276	9	39.4	1.5	43276	No	NA	66	22	1	High-quality	High-quality	96.53	AAI-based (medium-confidence)	0	1	NA
Contig56993594||full	1	dsDNAphage	42971	3	36.5	0	42971	No	NA	64	11	1	High-quality	High-quality	99.03	AAI-based (high-confidence)	0	1	NA
Contig112549460||full	0.993	dsDNAphage	42945	5	38.8	1.5	42945	No	NA	68	14	0	High-quality	High-quality	99.75	AAI-based (medium-confidence)	0	1	NA
Contig12195882||full	0.993	dsDNAphage	42860	1	15.7	0	42860	No	NA	70	3	0	High-quality	High-quality	94.92	AAI-based (medium-confidence)	0	1	NA
Contig151611761||full	1	dsDNAphage	42854	6	29.5	0	42854	No	NA	61	11	3	High-quality	High-quality	100	AAI-based (medium-confidence)	0	1	NA
Contig81067317||full	1	dsDNAphage	42840	2	25	2.9	42840	No	NA	68	12	2	High-quality	High-quality	97.69	AAI-based (medium-confidence)	0	1	NA
Contig148164462||full	1	dsDNAphage	42693	6	38.9	3.7	42693	No	NA	55	12	0	High-quality	High-quality	100	AAI-based (medium-confidence)	0	1	NA
Contig54057189||full	1	dsDNAphage	42600	6	33.3	0	42600	No	NA	66	10	2	High-quality	High-quality	100	AAI-based (medium-confidence)	0	1	NA
Contig46020147||full	1	dsDNAphage	42565	4	43.3	1.7	42565	No	NA	61	11	1	High-quality	High-quality	98.32	AAI-based (medium-confidence)	0	1	NA
Contig16684237||full	0.967	dsDNAphage	42548	6	29	1.6	42548	Yes	36717	62	10	2	High-quality	High-quality	100	AAI-based (medium-confidence)	13.7	1	NA
Contig148056411||full	1	dsDNAphage	42479	4	33.8	1.4	42479	No	NA	71	9	0	High-quality	High-quality	100	AAI-based (high-confidence)	0	1	NA
Contig5000038||full	1	dsDNAphage	42344	2	17.9	0	42344	No	NA	79	7	0	High-quality	High-quality	100	AAI-based (medium-confidence)	0	1	NA
Contig119491108||full	0.98	dsDNAphage	42305	7	36.2	1.4	42305	No	NA	69	23	0	High-quality	High-quality	96.93	AAI-based (high-confidence)	0	1	NA
Contig58755042||full	1	dsDNAphage	42299	3	30	1.4	42299	No	NA	70	12	1	High-quality	High-quality	93.56	AAI-based (medium-confidence)	0	1	NA
Contig90558219||full	0.987	dsDNAphage	42177	5	25.9	2.5	42177	No	NA	81	10	2	High-quality	High-quality	98.5	AAI-based (high-confidence)	0	1	NA
Contig114102107||full	1	dsDNAphage	42130	4	39.7	1.7	42130	No	NA	58	9	1	High-quality	High-quality	100	AAI-based (medium-confidence)	0	1	NA
Contig79021513||full	0.993	dsDNAphage	42094	2	27.4	2.7	42094	No	NA	73	6	1	Complete	High-quality	100	DTR (high-confidence)	0	1	NA
Contig135382550||full	1	dsDNAphage	42028	4	31	1.4	42028	No	NA	71	12	1	High-quality	High-quality	100	AAI-based (medium-confidence)	0	1	NA
Contig45315495||full	1	dsDNAphage	42008	19	51.4	9.7	42008	No	NA	73	28	0	High-quality	High-quality	96.58	AAI-based (medium-confidence)	0	1	NA
Contig13381377||full	0.987	dsDNAphage	41991	7	36.8	1.3	41991	No	NA	77	15	1	High-quality	High-quality	100	AAI-based (high-confidence)	0	1	NA
Contig140386532||full	1	dsDNAphage	41774	2	29.4	0	41774	No	NA	68	14	0	High-quality	High-quality	100	AAI-based (medium-confidence)	0	1	NA
Contig132869260||full	0.993	dsDNAphage	41742	3	19.4	1.5	41742	No	NA	68	5	0	High-quality	High-quality	100	AAI-based (medium-confidence)	0	1	NA
Contig148435158||full	1	dsDNAphage	41672	5	32.4	1.4	41672	No	NA	74	14	1	High-quality	High-quality	100	AAI-based (high-confidence)	0	1	NA
Contig53302919||full	0.993	dsDNAphage	41662	1	34.1	0	41662	No	NA	44	4	0	High-quality	High-quality	90.96	AAI-based (medium-confidence)	0	1	NA
Contig42346960||full	0.973	dsDNAphage	41658	2	22.4	1.5	41658	No	NA	67	10	1	High-quality	High-quality	100	AAI-based (medium-confidence)	0	1	NA
Contig92864921||full	0.993	dsDNAphage	41617	3	27.5	2.9	41617	No	NA	70	10	1	High-quality	High-quality	100	AAI-based (medium-confidence)	0	1	NA
Contig69006938||full	0.973	dsDNAphage	41535	3	24	0	41535	No	NA	76	9	0	High-quality	High-quality	100	AAI-based (high-confidence)	0	1	NA
Contig1972726||full	1	dsDNAphage	41468	3	26.6	1.6	41468	No	NA	64	9	1	High-quality	High-quality	100	AAI-based (high-confidence)	0	1	NA
Contig126708142||full	0.993	dsDNAphage	41461	3	22.2	1.6	41461	No	NA	64	7	0	High-quality	High-quality	100	AAI-based (medium-confidence)	0	1	NA
Contig24771609||full	0.993	dsDNAphage	41439	2	24.2	0	41439	No	NA	67	4	1	High-quality	High-quality	100	AAI-based (high-confidence)	0	1	NA
Contig2150505||full	1	dsDNAphage	41409	2	22.6	1.6	41409	No	NA	62	3	0	High-quality	High-quality	97.47	AAI-based (medium-confidence)	0	1	NA
Contig118363527||full	0.973	dsDNAphage	41383	1	26.1	2.2	41383	No	NA	46	2	1	High-quality	High-quality	100	AAI-based (medium-confidence)	0	1	NA
Contig133027361||full	1	dsDNAphage	41378	7	36.4	7.6	41378	No	NA	67	15	5	High-quality	High-quality	100	AAI-based (medium-confidence)	0	1	NA
Contig103228499||full	0.98	dsDNAphage	41347	3	16.2	4.4	41347	No	NA	68	5	0	High-quality	High-quality	95.67	AAI-based (medium-confidence)	0	1	NA
Contig12097853||full	1	dsDNAphage	41322	11	41.4	1.7	41322	No	NA	58	18	1	High-quality	High-quality	100	AAI-based (medium-confidence)	0	1	NA
Contig35034468||full	0.987	dsDNAphage	41302	4	27.9	3.2	41302	No	NA	61	10	0	High-quality	High-quality	100	AAI-based (medium-confidence)	0	1	NA
Contig99100643||full	0.993	dsDNAphage	41223	7	31.1	1.4	41223	No	NA	75	18	0	High-quality	High-quality	100	AAI-based (high-confidence)	0	1	NA
Contig71053172||full	0.947	dsDNAphage	41141	5	40	0	41141	No	NA	35	9	0	High-quality	High-quality	94.45	AAI-based (medium-confidence)	0	1	NA
Contig33007973||full	1	dsDNAphage	41055	1	15.8	0	41055	No	NA	57	8	0	High-quality	High-quality	94.75	AAI-based (high-confidence)	0	1	NA
Contig107071674||full	1	dsDNAphage	41054	5	24.1	3.4	41054	No	NA	58	7	0	High-quality	High-quality	97.29	AAI-based (medium-confidence)	0	1	NA
Contig149084048||full	1	dsDNAphage	41046	3	22.5	1.4	41046	No	NA	72	6	1	High-quality	High-quality	100	AAI-based (medium-confidence)	0	1	NA
Contig112329679||full	1	dsDNAphage	41015	10	42.1	1.8	41015	No	NA	58	19	0	High-quality	High-quality	90.2	AAI-based (medium-confidence)	0	1	NA
Contig66730859||full	1	dsDNAphage	40907	3	16.2	1.4	40907	No	NA	74	6	2	High-quality	High-quality	100	AAI-based (high-confidence)	0	1	NA
Contig50753365||full	1	dsDNAphage	40603	11	36.5	0	40603	No	NA	75	15	0	High-quality	High-quality	97.07	AAI-based (high-confidence)	0	1	NA
Contig20628455||full	1	dsDNAphage	40602	7	55.4	1.8	40602	No	NA	57	19	0	High-quality	High-quality	100	AAI-based (high-confidence)	0	1	NA
Contig132292721||full	0.993	dsDNAphage	40589	4	21.1	2.8	40589	No	NA	72	9	0	High-quality	High-quality	100	AAI-based (medium-confidence)	0	1	NA
Contig16655598||full	0.993	dsDNAphage	40431	6	35.3	2.9	40431	No	NA	68	16	1	High-quality	High-quality	100	AAI-based (high-confidence)	0	1	NA
Contig114303021||full	1	dsDNAphage	40335	4	35.5	1.6	40335	No	NA	63	6	1	Complete	High-quality	100	DTR (high-confidence)	0	1	NA
Contig77418054||full	0.993	dsDNAphage	40086	4	30.8	1.5	40086	No	NA	66	11	0	High-quality	High-quality	100	AAI-based (high-confidence)	0	1	NA
Contig117499294||full	0.993	dsDNAphage	39956	8	45.5	1.8	39956	No	NA	56	14	0	High-quality	High-quality	99.68	AAI-based (medium-confidence)	0	1	NA
Contig66083650||full	1	dsDNAphage	39898	8	58.7	0	39898	No	NA	63	23	0	High-quality	High-quality	100	AAI-based (medium-confidence)	0	1	NA
Contig70538168||full	1	dsDNAphage	39881	3	30	0	39881	No	NA	70	5	0	High-quality	High-quality	100	AAI-based (high-confidence)	0	1	NA
Contig89285416||full	1	dsDNAphage	39795	4	26.6	0	39795	No	NA	65	10	0	High-quality	High-quality	100	AAI-based (high-confidence)	0	1	NA
Contig108899265||full	0.973	dsDNAphage	39693	4	25.4	0	39693	No	NA	63	8	0	High-quality	High-quality	100	AAI-based (medium-confidence)	0	1	NA
Contig149042587||full	1	dsDNAphage	39624	4	20.5	0	39624	No	NA	74	8	0	High-quality	High-quality	100	AAI-based (high-confidence)	0	1	NA
Contig108226530||full	0.987	dsDNAphage	39507	3	23.4	0	39507	No	NA	65	10	0	High-quality	High-quality	100	AAI-based (high-confidence)	0	1	NA
Contig102353810||full	1	dsDNAphage	39476	13	42.4	0	39476	No	NA	66	19	0	High-quality	High-quality	100	AAI-based (medium-confidence)	0	1	NA
Contig17342689||full	1	dsDNAphage	39415	8	43.5	2.9	39415	No	NA	69	17	0	High-quality	High-quality	100	AAI-based (medium-confidence)	0	1	NA
Contig22139366||full	1	dsDNAphage	39351	3	27.1	1.4	39351	No	NA	71	12	0	High-quality	High-quality	100	AAI-based (high-confidence)	0	1	NA
Contig54742492||full	1	dsDNAphage	39282	8	27.5	0	39282	No	NA	70	13	0	High-quality	High-quality	100	AAI-based (high-confidence)	0	1	NA
Contig150473787||full	1	dsDNAphage	39260	1	27.3	0	39260	No	NA	55	7	0	High-quality	High-quality	90.07	AAI-based (medium-confidence)	0	1	NA
Contig117584117||full	0.98	dsDNAphage	39206	2	23	1.4	39206	No	NA	74	7	0	Complete	High-quality	100	DTR (high-confidence)	0	1	NA
Contig49099623||full	0.993	dsDNAphage	39143	6	31.9	0	39143	No	NA	69	11	1	High-quality	High-quality	99.23	AAI-based (medium-confidence)	0	1	NA
Contig42615276||full	0.98	dsDNAphage	39079	3	20.6	0	39079	No	NA	63	7	0	High-quality	High-quality	100	AAI-based (medium-confidence)	0	1	NA
Contig107373955||full	0.973	dsDNAphage	39063	2	12.7	0	39063	No	NA	55	4	2	High-quality	High-quality	95.29	AAI-based (high-confidence)	0	1	NA
Contig1388815||full	0.993	dsDNAphage	38974	2	28.1	1.6	38974	No	NA	65	7	0	High-quality	High-quality	100	AAI-based (medium-confidence)	0	1	NA
Contig76989439||full	1	dsDNAphage	38854	6	27.4	1.4	38854	No	NA	73	10	0	High-quality	High-quality	96.56	AAI-based (medium-confidence)	0	1	NA
Contig91321582||full	0.987	dsDNAphage	38723	2	13.4	1.5	38723	No	NA	67	3	0	High-quality	High-quality	94.54	AAI-based (high-confidence)	0	1	NA
Contig1314018||full	0.993	dsDNAphage	38714	4	20.6	1.5	38714	No	NA	68	11	0	High-quality	High-quality	100	AAI-based (high-confidence)	0	1	NA
Contig62801022||full	0.993	dsDNAphage	38652	2	31.6	1.8	38652	No	NA	58	9	3	Complete	High-quality	100	DTR (high-confidence)	0	1	NA
Contig100822177||full	1	dsDNAphage	38525	3	23.9	1.5	38525	No	NA	67	8	1	High-quality	High-quality	97.67	AAI-based (medium-confidence)	0	1	NA
Contig78989445||full	0.967	dsDNAphage	38486	2	23	4.9	38486	No	NA	61	8	1	High-quality	High-quality	95.12	AAI-based (medium-confidence)	0	1	NA
Contig76224189||full	0.987	dsDNAphage	38462	5	40.7	1.9	38462	No	NA	55	16	0	High-quality	High-quality	100	AAI-based (high-confidence)	0	1	NA
Contig23254305||full	0.993	dsDNAphage	38427	11	38.2	1.8	38427	No	NA	55	18	1	High-quality	High-quality	100	AAI-based (medium-confidence)	0	1	NA
Contig99710712||full	0.987	dsDNAphage	38419	1	21.2	1.5	38419	No	NA	67	6	0	High-quality	High-quality	99.3	AAI-based (medium-confidence)	0	1	NA
Contig101834372||full	1	dsDNAphage	38363	1	19.6	0	38363	No	NA	47	3	0	High-quality	High-quality	91.1	AAI-based (medium-confidence)	0	1	NA
Contig98030583||full	1	dsDNAphage	38334	4	33.9	0	38334	No	NA	62	13	0	High-quality	High-quality	100	AAI-based (high-confidence)	0	1	NA
Contig121647082||full	0.993	dsDNAphage	38218	2	24.1	1.9	38218	No	NA	54	8	0	High-quality	High-quality	95.94	AAI-based (high-confidence)	0	1	NA
Contig44920558||full	0.973	dsDNAphage	38063	5	32.8	1.6	38063	No	NA	65	16	0	High-quality	High-quality	97.73	AAI-based (high-confidence)	0	1	NA
Contig106029088||full	0.987	dsDNAphage	37832	6	24.7	0	37832	No	NA	74	9	0	High-quality	High-quality	100	AAI-based (medium-confidence)	0	1	NA
Contig41110511||full	1	dsDNAphage	37719	5	28.4	1.5	37719	No	NA	67	10	0	High-quality	High-quality	90.78	AAI-based (medium-confidence)	0	1	NA
Contig145623763||full	1	dsDNAphage	37696	4	30.5	0	37696	No	NA	59	11	2	High-quality	High-quality	95.56	AAI-based (high-confidence)	0	1	NA
Contig78386170||full	1	dsDNAphage	37615	6	22.7	0	37615	No	NA	76	7	0	High-quality	High-quality	90.89	AAI-based (medium-confidence)	0	1	NA
Contig113241409||full	1	dsDNAphage	37529	6	36.5	0	37529	No	NA	74	17	0	High-quality	High-quality	100	AAI-based (medium-confidence)	0	1	NA
Contig107786868||full	1	dsDNAphage	37486	6	43.8	0	37486	No	NA	48	10	1	High-quality	High-quality	90.6	AAI-based (high-confidence)	0	1	NA
Contig134687716||full	0.733	dsDNAphage	37479	0	20.4	3.7	37479	No	NA	54	3	2	High-quality	High-quality	90.7	AAI-based (medium-confidence)	0	1	NA
Contig153899710||full	1	dsDNAphage	37376	4	35.2	0	37376	No	NA	55	9	2	High-quality	High-quality	95.01	AAI-based (medium-confidence)	0	1	NA
Contig32740101||full	1	dsDNAphage	37348	5	28.8	1.5	37348	No	NA	66	10	1	High-quality	High-quality	99.46	AAI-based (high-confidence)	0	1	NA
Contig119150717||full	0.987	dsDNAphage	37291	5	26.7	3.3	37291	No	NA	61	9	0	Complete	High-quality	100	DTR (high-confidence)	0	1	NA
Contig142746813||full	1	dsDNAphage	37208	5	27.9	0	37208	No	NA	62	11	1	High-quality	High-quality	96.6	AAI-based (high-confidence)	0	1	NA
Contig34401043||full	0.98	dsDNAphage	37064	1	12.8	2.1	37064	No	NA	48	1	0	High-quality	High-quality	93.71	AAI-based (medium-confidence)	0	1	NA
Contig22884156||full	1	dsDNAphage	37028	5	27.9	1.5	37028	No	NA	68	9	0	High-quality	High-quality	100	AAI-based (high-confidence)	0	1	NA
Contig142949952||full	1	dsDNAphage	36673	3	36	2	36673	No	NA	50	13	1	High-quality	High-quality	95.59	AAI-based (high-confidence)	0	1	NA
Contig80087772||full	0.993	dsDNAphage	36538	1	12.1	3	36538	No	NA	67	1	0	High-quality	High-quality	100	AAI-based (medium-confidence)	0	1	NA
Contig28743269||full	1	dsDNAphage	36090	1	11.5	0	36090	No	NA	61	3	0	High-quality	High-quality	100	AAI-based (medium-confidence)	0	1	NA
Contig79721614||full	0.993	dsDNAphage	35837	5	19	1.7	35837	No	NA	59	5	1	High-quality	High-quality	96.33	AAI-based (medium-confidence)	0	1	NA
Contig148093481||full	0.987	dsDNAphage	35586	5	33.3	0	35586	No	NA	48	8	1	High-quality	High-quality	95.89	AAI-based (medium-confidence)	0	1	NA
Contig12457195||full	0.993	dsDNAphage	35498	7	25.8	0	35498	No	NA	62	14	0	High-quality	High-quality	95.28	AAI-based (high-confidence)	0	1	NA
Contig122903658||full	1	dsDNAphage	35228	2	24.5	1.9	35228	No	NA	54	6	0	High-quality	High-quality	97.22	AAI-based (high-confidence)	0	1	NA
Contig117648478||full	0.967	dsDNAphage	35085	4	19.6	3.6	35085	No	NA	56	8	0	High-quality	High-quality	93.06	AAI-based (medium-confidence)	0	1	NA
Contig2095737||full	0.987	dsDNAphage	35029	7	32.1	0	35029	No	NA	56	11	0	High-quality	High-quality	100	AAI-based (high-confidence)	0	1	NA
Contig125248305||full	0.987	dsDNAphage	34960	3	23.4	2.1	34960	No	NA	47	6	0	High-quality	High-quality	90.85	AAI-based (high-confidence)	0	1	NA
Contig137240643||full	0.993	dsDNAphage	34261	4	29.5	1.6	34261	No	NA	62	7	0	High-quality	High-quality	90.45	AAI-based (medium-confidence)	0	1	NA
Contig6239227||full	0.993	dsDNAphage	33842	8	36.2	3.4	33842	No	NA	58	13	1	High-quality	High-quality	96.52	AAI-based (high-confidence)	0	1	NA
Contig7624685||full	0.993	dsDNAphage	33793	6	31.7	1.7	33793	No	NA	60	11	1	High-quality	High-quality	95.89	AAI-based (high-confidence)	0	1	NA
Contig110335323||full	1	dsDNAphage	33141	7	43.1	0	33141	No	NA	52	13	0	High-quality	High-quality	94.6	AAI-based (medium-confidence)	0	1	NA
Contig72805639||full	0.807	dsDNAphage	33002	3	10.3	0	33002	No	NA	29	1	0	High-quality	High-quality	100	HMM-based (lower-bound)	0	1	NA
Contig88081042||full	1	dsDNAphage	31698	5	37.3	2	31698	No	NA	51	9	0	High-quality	High-quality	100	AAI-based (medium-confidence)	0	1	NA
Contig140675152||full	1	dsDNAphage	30989	1	14.9	2.1	30989	No	NA	48	1	2	High-quality	High-quality	95.68	AAI-based (medium-confidence)	0	1	NA
Contig15195571||full	1	dsDNAphage	22082	1	14.6	0	22082	No	NA	41	1	1	High-quality	High-quality	100	HMM-based (lower-bound)	0	1	NA
Contig39344081||full	0.98	dsDNAphage	21649	1	14.3	2.4	21649	No	NA	42	1	2	High-quality	High-quality	100	HMM-based (lower-bound)	0	1	NA
Contig116199328||full	0.993	dsDNAphage	20237	1	15.4	0	20237	No	NA	39	1	1	High-quality	High-quality	100	HMM-based (lower-bound)	0	1	NA
Contig2535043||full	1	dsDNAphage	19665	1	16.2	0	19665	No	NA	37	2	0	High-quality	High-quality	100	AAI-based (medium-confidence)	0	1	NA
Contig18529154||full	0.993	dsDNAphage	18823	5	34.8	0	18823	No	NA	23	6	0	High-quality	High-quality	97.41	AAI-based (medium-confidence)	0	1	NA
Contig77934736||full	1	dsDNAphage	18542	1	23.3	0	18542	No	NA	30	2	0	High-quality	High-quality	100	AAI-based (medium-confidence)	0	1	NA
Contig127414120||full	0.967	dsDNAphage	17892	0	18.9	0	17892	No	NA	37	1	0	High-quality	High-quality	100	AAI-based (medium-confidence)	0	1	NA
Contig140567947||full	0.987	dsDNAphage	17379	1	15.6	0	17379	No	NA	32	2	0	High-quality	High-quality	100	AAI-based (medium-confidence)	0	1	NA
Contig15622260||full	0.913	dsDNAphage	17302	0	17.9	0	17302	No	NA	39	2	0	High-quality	High-quality	100	AAI-based (medium-confidence)	0	1	NA
Contig24549990||full	0.993	dsDNAphage	17146	1	15.6	0	17146	No	NA	32	2	0	High-quality	High-quality	100	AAI-based (medium-confidence)	0	1	NA
Contig23957002||full	1	dsDNAphage	16940	1	11.4	0	16940	No	NA	35	1	0	High-quality	High-quality	100	HMM-based (lower-bound)	0	1	NA
Contig33210960||full	0.887	dsDNAphage	16776	0	7.7	0	16776	No	NA	26	1	0	High-quality	High-quality	100	AAI-based (medium-confidence)	0	1	NA
Contig48516127||0_partial	0.873	dsDNAphage	16506	3	25	25	16506	No	NA	11	0	4	High-quality	High-quality	100	AAI-based (medium-confidence)	0	1	no viral genes detected
Contig4094023||full	1	dsDNAphage	16315	2	16.7	0	16315	No	NA	30	2	0	High-quality	High-quality	100	AAI-based (medium-confidence)	0	1	NA
Contig39592371||full	0.967	dsDNAphage	16026	0	14.3	0	16026	No	NA	35	2	0	High-quality	High-quality	100	AAI-based (medium-confidence)	0	1	NA
Contig105924090||full	0.927	dsDNAphage	15474	0	12.1	0	15474	No	NA	32	2	0	High-quality	High-quality	100	AAI-based (medium-confidence)	0	1	NA
Contig51126486||full	0.967	dsDNAphage	13781	0	10.7	0	13781	No	NA	28	1	1	High-quality	High-quality	100	HMM-based (lower-bound)	0	1	NA
Contig122873707||full	0.967	dsDNAphage	9905	0	16.7	0	9905	No	NA	18	1	1	High-quality	High-quality	100	HMM-based (lower-bound)	0	1	NA
