Metagenome	bin	contig_id	max_score	max_score_group	length	hallmark	viral	cellular	contig_length	provirus	proviral_length	gene_count	viral_genes	host_genes	checkv_quality	miuvig_quality	completeness	completeness_method	contamination	kmer_freq	warnings
C2	bin.066	NODE_10_length_530803_cov_27.844244||full	0.953	dsDNAphage	530553	12	21.3	2.7	530553	No	NA	763	41	32	High-quality	High-quality	100	AAI-based (medium-confidence)	0	1	NA
B2	bin.138	NODE_2_length_494840_cov_20.338171||full	0.953	dsDNAphage	494785	8	17.4	3.3	494785	No	NA	803	59	41	High-quality	High-quality	98.79	HMM-based (lower-bound)	0	1	NA
C2	bin.115	NODE_21_length_359293_cov_28.730616||full	1	dsDNAphage	359238	24	42.1	1.7	359238	No	NA	589	100	20	High-quality	High-quality	90.33	HMM-based (lower-bound)	0	1	NA
C2	bin.092	NODE_31_length_310192_cov_12.051322||full	0.973	dsDNAphage	310190	12	20.7	2.8	310190	No	NA	536	55	11	Complete	High-quality	100	DTR (high-confidence)	0	1.02	NA
C2	bin.090	NODE_32_length_308271_cov_68.115108||full	0.993	dsDNAphage	308216	40	43.8	0.9	308216	No	NA	337	107	4	High-quality	High-quality	100	AAI-based (medium-confidence)	0	1	NA
B2	bin.019	NODE_22_length_234673_cov_9.044660||full	1	dsDNAphage	234665	12	35.2	0.9	234665	No	NA	307	48	5	High-quality	High-quality	100	AAI-based (medium-confidence)	0	1.01	NA
B2	bin.127	NODE_24_length_228201_cov_12.661348||full	0.987	dsDNAphage	228146	13	18.6	2.2	228146	No	NA	323	27	3	High-quality	High-quality	92.8	HMM-based (lower-bound)	0	1	NA
C2	bin.026	NODE_59_length_228046_cov_9.080170||full	0.987	dsDNAphage	227991	13	18.6	2.2	227991	No	NA	324	27	3	High-quality	High-quality	92.77	HMM-based (lower-bound)	0	1	NA
B2	bin.099	NODE_25_length_224646_cov_12.118972||full	0.993	dsDNAphage	224422	9	23.1	1.6	224422	No	NA	396	32	13	High-quality	High-quality	93.61	HMM-based (lower-bound)	0	1	NA
C2	bin.105	NODE_66_length_219660_cov_12.834271||full	0.953	dsDNAphage	218958	8	17.5	4.5	218958	No	NA	312	24	12	High-quality	High-quality	100	HMM-based (lower-bound)	0	2	high kmer_freq may indicate large duplication; low-confidence ITR
B2	bin.120	NODE_29_length_216869_cov_8.342114||full	0.96	dsDNAphage	216570	3	13.9	1.1	216570	No	NA	327	13	5	High-quality	High-quality	91.38	HMM-based (lower-bound)	0	1	NA
B1	bin.009	NODE_4_length_216371_cov_11.152869||full	1	dsDNAphage	216316	14	22.8	2.3	216316	No	NA	289	22	11	High-quality	High-quality	100	AAI-based (high-confidence)	0	1	NA
B2	bin.050	NODE_30_length_216371_cov_49.359141||full	1	dsDNAphage	216316	14	22.8	2.3	216316	No	NA	290	22	11	High-quality	High-quality	100	AAI-based (high-confidence)	0	1	NA
C1	bin.014	NODE_17_length_216371_cov_18.980394||full	1	dsDNAphage	216316	14	22.8	2.3	216316	No	NA	289	22	11	High-quality	High-quality	100	AAI-based (high-confidence)	0	1	NA
C2	bin.070	NODE_69_length_216371_cov_170.104967||full	1	dsDNAphage	216142	14	22.8	2.3	216142	No	NA	289	22	11	High-quality	High-quality	100	AAI-based (high-confidence)	0	1	NA
C2	bin.117	NODE_74_length_208099_cov_11.159481||full	1	dsDNAphage	208063	10	24.7	3.6	208063	No	NA	277	19	11	High-quality	High-quality	96.58	AAI-based (medium-confidence)	0	1	NA
B2	bin.083	NODE_34_length_204220_cov_11.537864||full	1	dsDNAphage	204165	5	32.8	1.2	204165	No	NA	313	26	2	High-quality	High-quality	100	AAI-based (medium-confidence)	0	1	NA
A3	bin.036	NODE_7_length_190147_cov_5.800007||full	1	dsDNAphage	190143	2	24.2	1.9	190143	No	NA	312	29	7	High-quality	High-quality	93.01	AAI-based (medium-confidence)	0	1	NA
C2	bin.unbinned	NODE_90_length_186157_cov_6.422123||full	0.993	dsDNAphage	186155	3	14.9	1.3	186155	No	NA	315	14	5	High-quality	High-quality	100	AAI-based (medium-confidence)	0	1	NA
B2	bin.unbinned	NODE_44_length_183762_cov_6.881834||full	0.993	dsDNAphage	183760	25	51	2.4	183760	No	NA	247	81	7	High-quality	High-quality	100	AAI-based (medium-confidence)	0	1	NA
B2	bin.unbinned	NODE_50_length_177125_cov_9.374231||full	0.953	dsDNAphage	177123	7	15	2.6	177123	No	NA	273	16	2	High-quality	High-quality	97.9	HMM-based (lower-bound)	0	1	NA
C2	bin.unbinned	NODE_110_length_172866_cov_6.123233||full	0.987	dsDNAphage	172811	8	30.5	4.3	172811	No	NA	210	23	6	High-quality	High-quality	100	AAI-based (medium-confidence)	0	1	NA
C2	bin.unbinned	NODE_123_length_164513_cov_5.975915||full	1	dsDNAphage	164492	16	31.3	0	164492	No	NA	218	31	3	Complete	High-quality	100	DTR (high-confidence)	0	1	NA
B2	bin.unbinned	NODE_58_length_164161_cov_6.870169||full	1	dsDNAphage	164161	11	30.9	2.2	164161	No	NA	224	35	6	High-quality	High-quality	100	AAI-based (medium-confidence)	0	1	NA
C2	bin.unbinned	NODE_129_length_160882_cov_6.707176||full	0.927	dsDNAphage	160881	15	26.2	2.6	160881	Yes	158442	191	32	4	High-quality	High-quality	98.66	AAI-based (medium-confidence)	1.52	1	NA
C2	bin.unbinned	NODE_139_length_156375_cov_29.966729||full	0.98	dsDNAphage	156304	8	19.8	1.2	156304	No	NA	252	25	0	High-quality	High-quality	96.95	AAI-based (medium-confidence)	0	1	NA
B2	bin.unbinned	NODE_65_length_156296_cov_10.839152||full	1	dsDNAphage	156241	10	30.1	0.9	156241	No	NA	227	33	3	High-quality	High-quality	96.82	AAI-based (medium-confidence)	0	1	NA
B2	bin.unbinned	NODE_79_length_144212_cov_12.179998||full	1	dsDNAphage	144090	10	24.2	1.6	144090	No	NA	186	15	5	High-quality	High-quality	91.14	HMM-based (lower-bound)	0	1	NA
B2	bin.unbinned	NODE_83_length_140072_cov_6.815501||full	0.98	dsDNAphage	140017	5	24.4	5	140017	No	NA	202	18	11	High-quality	High-quality	95.79	HMM-based (lower-bound)	0	1	NA
B2	bin.unbinned	NODE_94_length_130859_cov_10.260619||full	1	dsDNAphage	130804	5	30.4	1.7	130804	No	NA	227	31	4	High-quality	High-quality	96.52	AAI-based (medium-confidence)	0	1	NA
B2	bin.unbinned	NODE_97_length_129605_cov_13.261459||full	0.933	dsDNAphage	128848	2	21.7	5.9	128848	No	NA	203	24	9	High-quality	High-quality	98.8	AAI-based (high-confidence)	0	1	NA
A3	bin.ubinned	NODE_16_length_126620_cov_19.773263||full	0.953	dsDNAphage	126553	3	15.1	5.7	126553	No	NA	245	22	9	High-quality	High-quality	96.96	HMM-based (lower-bound)	0	1	NA
B2	bin.unbinned	NODE_103_length_125211_cov_9.677818||full	1	dsDNAphage	125163	4	18.4	1	125163	No	NA	211	17	3	High-quality	High-quality	93.25	HMM-based (lower-bound)	0	1	NA
C2	bin.112	NODE_2_length_948369_cov_133.682029||0_partial	0.9	dsDNAphage	124948	11	25.4	35.2	124948	Yes	38542	130	24	64	Complete	High-quality	100	Provirus (high-confidence)	69.15	1	contig >1.5x longer than expected genome length
B2	bin.unbinned	NODE_112_length_120998_cov_5.817691||full	1	dsDNAphage	120943	11	28	3	120943	No	NA	167	28	3	High-quality	High-quality	100	AAI-based (medium-confidence)	0	1	NA
C2	bin.unbinned	NODE_210_length_120992_cov_7.242540||full	1	dsDNAphage	120937	11	28	3	120937	No	NA	166	28	3	High-quality	High-quality	100	AAI-based (medium-confidence)	0	1	NA
C2	bin.unbinned	NODE_222_length_116555_cov_11.098773||full	1	dsDNAphage	116553	8	27.3	1.7	116553	No	NA	177	18	0	High-quality	High-quality	100	AAI-based (medium-confidence)	0	1	NA
B2	bin.unbinned	NODE_134_length_116286_cov_8.262959||full	1	dsDNAphage	116231	4	24.9	1.1	116231	No	NA	192	23	5	High-quality	High-quality	100	AAI-based (medium-confidence)	0	1	NA
B1	bin.unbinned	NODE_21_length_116131_cov_9.677591||full	1	dsDNAphage	116076	3	21.6	0.6	116076	No	NA	163	17	3	High-quality	High-quality	94.35	HMM-based (lower-bound)	0	1	NA
C2	bin.047	NODE_228_length_116077_cov_7.548405||full	1	dsDNAphage	116045	3	21.7	0.6	116045	No	NA	162	17	3	High-quality	High-quality	94.34	HMM-based (lower-bound)	0	1	NA
C2	bin.unbinned	NODE_231_length_115040_cov_14.505405||full	0.993	dsDNAphage	114941	3	29.8	3	114941	No	NA	170	18	8	High-quality	High-quality	100	AAI-based (medium-confidence)	0	1	NA
C2	bin.unbinned	NODE_233_length_114831_cov_11.987889||full	0.98	dsDNAphage	114776	5	16.8	6.1	114776	No	NA	180	14	9	High-quality	High-quality	90.59	HMM-based (lower-bound)	0	1	NA
C2	bin.108	NODE_236_length_113702_cov_28.341091||full	0.92	dsDNAphage	113515	16	25	13.9	113515	Yes	62827	144	28	33	Complete	High-quality	100	Provirus (high-confidence)	44.65	1	NA
B2	bin.unbinned	NODE_136_length_114865_cov_27.078234||full	0.967	dsDNAphage	113510	4	16.3	4.2	113510	No	NA	168	12	6	High-quality	High-quality	92.57	HMM-based (lower-bound)	0	1	NA
C1	bin.001	NODE_3_length_459554_cov_23.079332||0_partial	0.913	dsDNAphage	111045	11	29.7	33.9	111045	Yes	38542	118	24	54	Complete	High-quality	100	Provirus (high-confidence)	65.29	1	contig >1.5x longer than expected genome length
A3	bin.026	NODE_27_length_109374_cov_5.962733||full	0.967	dsDNAphage	109370	3	15.3	3.7	109370	No	NA	191	10	5	High-quality	High-quality	90.68	AAI-based (medium-confidence)	0	1	NA
C1	bin.008	NODE_9_length_318351_cov_27.959192||0_partial	0.9	dsDNAphage	107617	9	31.8	27.1	107617	Yes	42929	117	25	56	High-quality	High-quality	91.35	AAI-based (medium-confidence)	60.11	1	contig >1.5x longer than expected genome length
A3	bin.ubinned	NODE_29_length_106732_cov_9.486665||full	1	dsDNAphage	106677	3	23.3	2.7	106677	No	NA	151	14	3	High-quality	High-quality	96.21	AAI-based (medium-confidence)	0	1	NA
C2	bin.unbinned	NODE_266_length_106873_cov_8.117836||full	1	dsDNAphage	106488	11	26.6	1	106488	No	NA	192	28	1	High-quality	High-quality	92.81	HMM-based (lower-bound)	0	1	NA
B2	bin.unbinned	NODE_159_length_105683_cov_23.367762||full	0.98	dsDNAphage	105628	5	22.2	1.7	105628	No	NA	178	25	2	High-quality	High-quality	100	AAI-based (high-confidence)	0	1	NA
C2	bin.138	NODE_280_length_104856_cov_11.912329||full	1	dsDNAphage	104856	7	29.2	1.5	104856	No	NA	204	26	0	High-quality	High-quality	100	AAI-based (medium-confidence)	0	1.09	contig >1.5x longer than expected genome length
A3	bin.ubinned	NODE_33_length_101900_cov_11.981649||full	0.993	dsDNAphage	101899	2	26.5	3.8	101899	No	NA	185	29	1	High-quality	High-quality	91.48	HMM-based (lower-bound)	0	1	NA
B2	bin.042	NODE_175_length_101046_cov_5.610094||full	1	dsDNAphage	101044	2	28	3.8	101044	No	NA	132	14	4	High-quality	High-quality	99.46	AAI-based (high-confidence)	0	1	NA
C2	bin.unbinned	NODE_290_length_101080_cov_7.183766||full	1	dsDNAphage	100717	2	28.2	3.9	100717	No	NA	131	14	4	High-quality	High-quality	99.13	AAI-based (high-confidence)	0	1	NA
C2	bin.unbinned	NODE_296_length_99961_cov_18.962405||full	0.967	dsDNAphage	99960	4	17.3	4.3	99960	No	NA	162	17	3	High-quality	High-quality	97.19	AAI-based (medium-confidence)	0	1	NA
C2	bin.unbinned	NODE_297_length_99928_cov_8.334265||full	1	dsDNAphage	99928	3	23.2	3.2	99928	No	NA	126	12	2	High-quality	High-quality	100	AAI-based (high-confidence)	0	1	NA
A3	bin.ubinned	NODE_42_length_96702_cov_11.239211||full	1	dsDNAphage	96686	8	26.5	0.7	96686	No	NA	134	6	0	Complete	High-quality	100	DTR (high-confidence)	0	1	NA
B2	bin.unbinned	NODE_191_length_96513_cov_11.863474||full	0.98	dsDNAphage	96496	6	18	2.4	96496	No	NA	167	17	3	High-quality	High-quality	93.12	HMM-based (lower-bound)	0	1	NA
A1	bin.unbinned	NODE_75_length_95620_cov_11.910386||full	0.993	dsDNAphage	95565	3	18.3	2.3	95565	No	NA	132	13	1	High-quality	High-quality	100	AAI-based (medium-confidence)	0	1	NA
B2	bin.042	NODE_196_length_94786_cov_6.877770||full	1	dsDNAphage	94731	3	25.5	2.2	94731	No	NA	140	12	7	High-quality	High-quality	100	AAI-based (high-confidence)	0	1	NA
A1	bin.unbinned	NODE_80_length_93691_cov_27.479484||full	0.98	dsDNAphage	93636	2	19.4	2.6	93636	No	NA	156	13	4	High-quality	High-quality	100	AAI-based (high-confidence)	0	1	NA
A1	bin.unbinned	NODE_81_length_93651_cov_13.231858||full	0.98	dsDNAphage	93513	1	21.5	2	93513	No	NA	150	20	3	High-quality	High-quality	100	AAI-based (high-confidence)	0	1	NA
B2	bin.074	NODE_202_length_92121_cov_8.431506||full	1	dsDNAphage	92117	3	28.9	1.8	92117	No	NA	115	15	3	High-quality	High-quality	100	AAI-based (medium-confidence)	0	1	NA
C2	bin.138	NODE_342_length_92074_cov_13.139526||full	1	dsDNAphage	92072	3	28.7	1.7	92072	No	NA	115	15	3	High-quality	High-quality	100	AAI-based (medium-confidence)	0	1	NA
B2	bin.unbinned	NODE_203_length_92089_cov_15.320599||full	1	dsDNAphage	92038	10	33.3	2.8	92038	No	NA	143	16	8	High-quality	High-quality	100	AAI-based (medium-confidence)	0	1	NA
A3	bin.ubinned	NODE_52_length_91738_cov_8.318827||full	1	dsDNAphage	91736	14	38.4	1.3	91736	No	NA	153	41	2	High-quality	High-quality	100	AAI-based (medium-confidence)	0	1	NA
B2	bin.042	NODE_215_length_90611_cov_7.804320||full	0.993	dsDNAphage	90556	7	33.5	1.3	90556	No	NA	155	24	0	High-quality	High-quality	100	AAI-based (medium-confidence)	0	1	contig >1.5x longer than expected genome length
B2	bin.unbinned	NODE_217_length_90386_cov_13.855786||full	1	dsDNAphage	90331	3	26.1	3.1	90331	No	NA	159	22	1	High-quality	High-quality	100	AAI-based (medium-confidence)	0	1	NA
C2	bin.unbinned	NODE_356_length_90426_cov_22.380686||full	1	dsDNAphage	90096	3	21.1	2	90096	No	NA	147	17	2	High-quality	High-quality	94.18	AAI-based (medium-confidence)	0	1	NA
C2	bin.unbinned	NODE_376_length_87996_cov_8.391387||full	0.993	dsDNAphage	87941	4	23.5	2.7	87941	No	NA	139	18	2	High-quality	High-quality	100	AAI-based (medium-confidence)	0	1	NA
A1	bin.023	NODE_98_length_87851_cov_7.140120||full	1	dsDNAphage	87678	5	25.2	2.5	87678	No	NA	119	14	2	High-quality	High-quality	100	AAI-based (medium-confidence)	0	1	NA
B2	bin.unbinned	NODE_237_length_85585_cov_7.583819||full	1	dsDNAphage	85355	1	28.9	3	85355	No	NA	136	21	0	High-quality	High-quality	100	AAI-based (medium-confidence)	0	1	NA
A3	bin.100	NODE_67_length_82512_cov_10.352887||full	0.973	dsDNAphage	82457	5	20.4	3.6	82457	No	NA	140	13	5	High-quality	High-quality	100	AAI-based (high-confidence)	0	1	NA
A3	bin.ubinned	NODE_78_length_78614_cov_17.400132||full	0.987	dsDNAphage	77890	2	20.9	0	77890	No	NA	110	10	5	High-quality	High-quality	100	AAI-based (medium-confidence)	0	1	NA
A3	bin.070	NODE_80_length_77950_cov_6.878670||full	0.987	dsDNAphage	77755	1	36.4	2	77755	No	NA	99	11	4	High-quality	High-quality	100	AAI-based (medium-confidence)	0	1	contig >1.5x longer than expected genome length
A3	bin.ubinned	NODE_81_length_77782_cov_7.794383||full	0.987	dsDNAphage	77727	3	20.9	3.3	77727	No	NA	92	8	3	High-quality	High-quality	100	AAI-based (high-confidence)	0	1	NA
B2	bin.unbinned	NODE_308_length_76915_cov_12.387158||full	0.96	dsDNAphage	76843	3	21.6	3.1	76843	No	NA	97	9	2	High-quality	High-quality	100	AAI-based (medium-confidence)	0	1	NA
C2	bin.057	NODE_487_length_76398_cov_11.990844||full	1	dsDNAphage	76396	8	28.9	2.5	76396	No	NA	121	21	1	High-quality	High-quality	98.35	AAI-based (medium-confidence)	0	1	NA
B2	bin.unbinned	NODE_314_length_75919_cov_9.565367||full	1	dsDNAphage	75864	6	35.7	1.8	75864	No	NA	113	14	4	High-quality	High-quality	100	AAI-based (medium-confidence)	0	1	NA
C2	bin.unbinned	NODE_498_length_75180_cov_8.711028||full	0.987	dsDNAphage	74759	7	31.5	3.2	74759	No	NA	124	30	0	High-quality	High-quality	100	AAI-based (high-confidence)	0	1	contig >1.5x longer than expected genome length
A3	bin.006	NODE_97_length_74461_cov_15.004583||full	1	dsDNAphage	74447	16	39.2	3.3	74447	No	NA	120	29	4	High-quality	High-quality	100	AAI-based (medium-confidence)	0	1	NA
C2	bin.unbinned	NODE_504_length_74383_cov_9.103904||full	0.993	dsDNAphage	74328	4	31.7	1	74328	No	NA	102	15	2	High-quality	High-quality	100	AAI-based (medium-confidence)	0	1	NA
C2	bin.111	NODE_507_length_74115_cov_5.675709||full	1	dsDNAphage	74055	5	26.3	0.9	74055	No	NA	114	17	1	High-quality	High-quality	100	AAI-based (medium-confidence)	0	1	NA
A1	bin.unbinned	NODE_147_length_73830_cov_7.674063||full	1	dsDNAphage	73828	4	17.4	1.7	73828	No	NA	115	20	2	High-quality	High-quality	96.06	AAI-based (medium-confidence)	0	1	NA
A3	bin.ubinned	NODE_102_length_73620_cov_10.077673||full	0.993	dsDNAphage	73016	6	27.1	1.9	73016	No	NA	107	15	0	High-quality	High-quality	100	AAI-based (medium-confidence)	0	1	NA
C2	bin.unbinned	NODE_481_length_76989_cov_7.525502||full	0.7	dsDNAphage	72903	0	10.4	2.1	72903	No	NA	93	10	2	High-quality	High-quality	98.71	AAI-based (medium-confidence)	0	1	NA
A3	bin.ubinned	NODE_109_length_72035_cov_8.796082||full	0.973	dsDNAphage	72035	2	26.3	2.1	72035	No	NA	96	4	1	High-quality	High-quality	100	AAI-based (medium-confidence)	0	1	NA
C2	bin.138	NODE_525_length_71991_cov_11.275286||full	0.98	dsDNAphage	71936	4	35.5	0	71936	No	NA	108	21	0	High-quality	High-quality	100	AAI-based (high-confidence)	0	1	NA
A3	bin.ubinned	NODE_111_length_71877_cov_12.260714||full	1	dsDNAphage	71877	2	40.5	0	71877	No	NA	111	18	0	High-quality	High-quality	100	AAI-based (medium-confidence)	0	1	NA
B1	bin.unbinned	NODE_32_length_71693_cov_5.307937||full	1	dsDNAphage	71691	5	31.9	2.1	71691	No	NA	95	11	3	High-quality	High-quality	97.35	AAI-based (medium-confidence)	0	1	NA
B2	bin.074	NODE_355_length_71294_cov_11.993922||full	0.993	dsDNAphage	71290	4	33.9	0.9	71290	No	NA	109	20	2	High-quality	High-quality	100	AAI-based (high-confidence)	0	1	NA
B2	bin.unbinned	NODE_367_length_70417_cov_18.154771||full	1	dsDNAphage	70362	1	28	0	70362	No	NA	94	12	1	High-quality	High-quality	100	AAI-based (high-confidence)	0	1	NA
C2	bin.unbinned	NODE_548_length_70417_cov_7.519727||full	1	dsDNAphage	70362	1	28.3	0	70362	No	NA	94	12	1	High-quality	High-quality	100	AAI-based (high-confidence)	0	1	NA
C2	bin.005	NODE_549_length_69996_cov_12.720393||full	1	dsDNAphage	69992	4	31.2	3.6	69992	No	NA	113	17	1	High-quality	High-quality	100	AAI-based (high-confidence)	0	1	NA
B2	bin.unbinned	NODE_376_length_69736_cov_27.363456||full	0.993	dsDNAphage	69732	7	19.3	1.6	69732	No	NA	121	11	1	High-quality	High-quality	100	AAI-based (high-confidence)	0	1	NA
B1	bin.001	NODE_35_length_69820_cov_6.152713||full	0.993	dsDNAphage	69674	7	19.2	1.6	69674	No	NA	120	11	1	High-quality	High-quality	100	AAI-based (high-confidence)	0	1	NA
C2	bin.047	NODE_559_length_69644_cov_7.829427||full	0.993	dsDNAphage	69568	7	19.5	1.6	69568	No	NA	120	11	1	High-quality	High-quality	100	AAI-based (high-confidence)	0	1	NA
C2	bin.unbinned	NODE_566_length_69445_cov_45.382260||full	1	dsDNAphage	69390	25	47.1	0	69390	No	NA	105	45	0	High-quality	High-quality	100	AAI-based (high-confidence)	0	1	NA
C2	bin.unbinned	NODE_569_length_69343_cov_20.649723||full	0.92	dsDNAphage	69273	0	14.5	5.3	69273	No	NA	131	2	11	High-quality	High-quality	100	HMM-based (lower-bound)	0	1	NA
A3	bin.ubinned	NODE_123_length_69007_cov_11.219080||full	0.987	dsDNAphage	68952	5	21.6	4.1	68952	No	NA	98	9	0	High-quality	High-quality	100	AAI-based (medium-confidence)	0	1	NA
A3	bin.070	NODE_121_length_69114_cov_5.244631||full	0.967	dsDNAphage	68822	5	28.1	0	68822	No	NA	57	11	1	High-quality	High-quality	91.54	HMM-based (lower-bound)	0	1	NA
A3	bin.036	NODE_130_length_68404_cov_6.248841||full	0.993	dsDNAphage	68402	3	35	0	68402	No	NA	103	9	2	High-quality	High-quality	95.17	AAI-based (high-confidence)	0	1	NA
A3	bin.ubinned	NODE_131_length_68392_cov_14.632044||full	0.993	dsDNAphage	68337	1	20.5	1.8	68337	No	NA	114	8	0	High-quality	High-quality	94.13	AAI-based (medium-confidence)	0	1	NA
A3	bin.ubinned	NODE_134_length_67992_cov_9.543562||full	1	dsDNAphage	67937	3	41.1	0	67937	No	NA	108	22	0	High-quality	High-quality	100	AAI-based (medium-confidence)	0	1	NA
C2	bin.047	NODE_595_length_67151_cov_5.995052||full	1	dsDNAphage	67079	12	42.9	9.5	67079	No	NA	105	35	0	High-quality	High-quality	100	AAI-based (high-confidence)	0	1	contig >1.5x longer than expected genome length
C2	bin.unbinned	NODE_603_length_66812_cov_10.472819||full	0.993	dsDNAphage	66777	3	18	1	66777	No	NA	99	8	2	High-quality	High-quality	100	AAI-based (medium-confidence)	0	1	NA
C2	bin.unbinned	NODE_604_length_66728_cov_5.513566||full	1	dsDNAphage	66707	4	32.2	3.3	66707	No	NA	91	16	3	High-quality	High-quality	100	AAI-based (medium-confidence)	0	1	NA
A1	bin.unbinned	NODE_182_length_67107_cov_55.692060||full	1	dsDNAphage	66698	9	27.4	0.9	66698	No	NA	114	12	1	High-quality	High-quality	93.46	AAI-based (high-confidence)	0	1	NA
C2	bin.unbinned	NODE_610_length_66464_cov_15.652547||full	1	dsDNAphage	66462	9	37.6	0	66462	No	NA	101	29	0	High-quality	High-quality	100	AAI-based (medium-confidence)	0	1	NA
C2	bin.unbinned	NODE_605_length_66670_cov_9.783067||full	0.973	dsDNAphage	66164	5	40.9	1.1	66164	No	NA	94	13	1	High-quality	High-quality	100	AAI-based (medium-confidence)	0	1	NA
A3	bin.ubinned	NODE_147_length_64782_cov_5.807206||full	0.993	dsDNAphage	64727	7	38.2	4.5	64727	No	NA	88	14	8	High-quality	High-quality	100	AAI-based (medium-confidence)	0	1	NA
C2	bin.047	NODE_646_length_64277_cov_6.447635||full	1	dsDNAphage	64277	3	38	6	64277	No	NA	100	22	2	High-quality	High-quality	100	AAI-based (high-confidence)	0	1	NA
A1	bin.009	NODE_173_length_68171_cov_12.694595||full	0.873	dsDNAphage	63012	7	26.1	4.3	63012	Yes	41724	64	16	13	High-quality	High-quality	100	AAI-based (medium-confidence)	33.78	1	contig >1.5x longer than expected genome length
C2	bin.005	NODE_672_length_63053_cov_14.216816||full	1	dsDNAphage	62998	3	30.5	2.4	62998	No	NA	82	9	1	High-quality	High-quality	97.97	AAI-based (medium-confidence)	0	1	NA
B2	bin.042	NODE_464_length_63088_cov_6.081735||full	1	dsDNAphage	62973	3	30.5	2.4	62973	No	NA	82	9	1	High-quality	High-quality	97.93	AAI-based (medium-confidence)	0	1	NA
B2	bin.unbinned	NODE_468_length_62830_cov_24.322469||full	1	dsDNAphage	62820	5	31	2.4	62820	No	NA	85	11	3	High-quality	High-quality	90.92	AAI-based (medium-confidence)	0	1	NA
C2	bin.047	NODE_687_length_62491_cov_7.040698||full	0.993	dsDNAphage	62489	5	32.4	3.7	62489	No	NA	109	15	2	High-quality	High-quality	100	AAI-based (high-confidence)	0	1	NA
A3	bin.ubinned	NODE_171_length_61823_cov_27.473044||full	0.987	dsDNAphage	61780	7	17.3	4.5	61780	No	NA	112	16	0	High-quality	High-quality	99.93	AAI-based (high-confidence)	0	1	NA
A3	bin.053	NODE_172_length_61711_cov_10.358667||full	1	dsDNAphage	61656	5	40.7	0	61656	No	NA	87	16	0	High-quality	High-quality	100	AAI-based (medium-confidence)	0	1	NA
C2	bin.unbinned	NODE_707_length_61633_cov_6.513349||full	0.993	dsDNAphage	61537	1	20	2.1	61537	No	NA	95	11	1	High-quality	High-quality	100	AAI-based (medium-confidence)	0	1	NA
A3	bin.ubinned	NODE_165_length_62316_cov_29.610864||full	0.993	dsDNAphage	61480	3	13	1	61480	No	NA	100	6	2	High-quality	High-quality	97.7	AAI-based (medium-confidence)	0	1	NA
C2	bin.unbinned	NODE_711_length_61528_cov_24.253819||full	0.993	dsDNAphage	61473	10	34.2	7.2	61473	No	NA	112	20	5	High-quality	High-quality	100	AAI-based (medium-confidence)	0	1	NA
C1	bin.017	NODE_119_length_60936_cov_10.489775||full	0.94	dsDNAphage	60838	7	35.6	8	60838	No	NA	87	26	3	High-quality	High-quality	100	AAI-based (medium-confidence)	0	1	NA
A3	bin.ubinned	NODE_174_length_61003_cov_56.863900||full	0.993	dsDNAphage	60821	8	42.4	0	60821	No	NA	92	14	0	High-quality	High-quality	99.11	AAI-based (medium-confidence)	0	1	NA
C2	bin.unbinned	NODE_731_length_60912_cov_11.392855||full	1	dsDNAphage	60766	5	27.4	1.1	60766	No	NA	96	9	1	High-quality	High-quality	100	AAI-based (medium-confidence)	0	1	NA
A3	bin.079	NODE_176_length_60759_cov_5.940202||full	0.967	dsDNAphage	60756	4	16.2	2.5	60756	No	NA	80	4	0	High-quality	High-quality	93.92	AAI-based (medium-confidence)	0	1	NA
A1	bin.unbinned	NODE_244_length_60240_cov_25.522605||full	1	dsDNAphage	60239	7	41.5	1.2	60239	No	NA	82	18	0	High-quality	High-quality	98.17	AAI-based (medium-confidence)	0	1	NA
A3	bin.ubinned	NODE_179_length_60142_cov_46.483249||full	0.993	dsDNAphage	60088	5	25	1	60088	No	NA	97	19	0	High-quality	High-quality	100	AAI-based (high-confidence)	0	1	NA
A3	bin.070	NODE_181_length_60038_cov_6.529600||full	0.993	dsDNAphage	60028	3	19.8	2.3	60028	No	NA	86	9	0	Complete	High-quality	100	DTR (medium-confidence)	0	1	NA
C2	bin.122	NODE_747_length_59979_cov_5.454109||full	1	dsDNAphage	59976	6	34.1	4.7	59976	No	NA	85	17	4	High-quality	High-quality	100	AAI-based (medium-confidence)	0	1	NA
B2	bin.085	NODE_526_length_59994_cov_6.913796||full	1	dsDNAphage	59939	6	33.3	4.8	59939	No	NA	85	16	4	High-quality	High-quality	100	AAI-based (medium-confidence)	0	1	NA
B2	bin.unbinned	NODE_528_length_59879_cov_51.698532||full	0.993	dsDNAphage	59757	2	18.4	0	59757	No	NA	76	9	2	High-quality	High-quality	93.64	HMM-based (lower-bound)	0	1	NA
C2	bin.137	NODE_702_length_61842_cov_5.995145||full	0.847	dsDNAphage	59701	5	33.3	15.3	59701	Yes	36986	71	8	19	Complete	High-quality	100	Provirus (high-confidence)	38.05	1	contig >1.5x longer than expected genome length
A3	bin.046	NODE_188_length_59507_cov_11.432618||full	1	dsDNAphage	59505	3	27.6	2.6	59505	No	NA	76	10	1	High-quality	High-quality	98.3	AAI-based (medium-confidence)	0	1	NA
A3	bin.ubinned	NODE_191_length_59341_cov_15.163361||full	1	dsDNAphage	59217	5	42.7	1.3	59217	No	NA	76	17	0	High-quality	High-quality	99.61	AAI-based (high-confidence)	0	1	NA
C2	bin.139	NODE_765_length_58985_cov_21.499474||full	0.98	dsDNAphage	58935	2	25.6	3.5	58935	No	NA	87	6	5	High-quality	High-quality	99.59	AAI-based (high-confidence)	0	1	NA
B2	bin.unbinned	NODE_546_length_58705_cov_15.528934||full	0.987	dsDNAphage	58609	3	21.8	3	58609	No	NA	102	12	0	High-quality	High-quality	100	AAI-based (medium-confidence)	0	1	NA
C2	bin.unbinned	NODE_782_length_58481_cov_72.392428||full	1	dsDNAphage	58465	4	33.3	0	58465	No	NA	82	17	0	High-quality	High-quality	100	AAI-based (medium-confidence)	0	1	NA
C2	bin.unbinned	NODE_784_length_58363_cov_6.193318||full	1	dsDNAphage	58362	3	28.6	1.1	58362	No	NA	91	8	1	Complete	High-quality	100	DTR (high-confidence)	0	1	NA
C2	bin.unbinned	NODE_789_length_58166_cov_7.751045||full	0.973	dsDNAphage	58111	5	26.7	3.5	58111	No	NA	87	8	0	High-quality	High-quality	100	AAI-based (medium-confidence)	0	1	NA
C2	bin.unbinned	NODE_796_length_57897_cov_11.476764||full	1	dsDNAphage	57895	9	25.2	0.9	57895	No	NA	108	17	0	High-quality	High-quality	98.45	AAI-based (high-confidence)	0	1	NA
C2	bin.unbinned	NODE_798_length_57882_cov_163.526000||full	0.86	dsDNAphage	57881	0	7.5	2.8	57881	No	NA	107	2	0	High-quality	High-quality	98.29	HMM-based (lower-bound)	0	1	NA
C1	bin.unbinned	NODE_122_length_57761_cov_12.200430||full	0.873	dsDNAphage	57760	0	7.6	2.9	57760	No	NA	107	2	0	High-quality	High-quality	98.29	HMM-based (lower-bound)	0	1	NA
B2	bin.unbinned	NODE_562_length_57712_cov_56.765683||full	0.86	dsDNAphage	57711	0	7.5	2.8	57711	No	NA	107	2	0	High-quality	High-quality	98.29	HMM-based (lower-bound)	0	1	NA
B2	bin.042	NODE_571_length_57489_cov_7.206933||full	1	dsDNAphage	57488	8	33.3	2.3	57488	Yes	54971	87	16	2	High-quality	High-quality	100	AAI-based (medium-confidence)	4.38	1	NA
A3	bin.ubinned	NODE_204_length_57560_cov_5.928493||full	1	dsDNAphage	57325	11	38.5	2.6	57325	No	NA	78	21	1	High-quality	High-quality	100	AAI-based (medium-confidence)	0	1	NA
B2	bin.unbinned	NODE_574_length_57374_cov_8.538582||full	0.993	dsDNAphage	57319	3	30.3	1.1	57319	No	NA	90	15	2	High-quality	High-quality	100	AAI-based (medium-confidence)	0	1.01	NA
B2	bin.unbinned	NODE_577_length_57350_cov_24.081246||full	1	dsDNAphage	57298	14	33.6	2.7	57298	No	NA	111	29	1	High-quality	High-quality	100	AAI-based (medium-confidence)	0	1	NA
B2	bin.022	NODE_587_length_57186_cov_6.012550||full	1	dsDNAphage	57183	7	46.8	2.5	57183	No	NA	79	16	2	High-quality	High-quality	100	AAI-based (medium-confidence)	0	1	NA
B2	bin.unbinned	NODE_585_length_57193_cov_8.433284||full	0.993	dsDNAphage	57121	9	26.2	1	57121	No	NA	105	17	0	High-quality	High-quality	97.13	AAI-based (high-confidence)	0	1	NA
B2	bin.unbinned	NODE_580_length_57280_cov_15.243757||full	0.993	dsDNAphage	57115	2	32	0	57115	No	NA	76	9	0	High-quality	High-quality	100	AAI-based (medium-confidence)	0	1	NA
C2	bin.unbinned	NODE_827_length_56974_cov_6.902774||full	0.967	dsDNAphage	56972	3	13.8	4.6	56972	No	NA	87	5	1	High-quality	High-quality	97.78	AAI-based (high-confidence)	0	1	NA
A3	bin.ubinned	NODE_212_length_56719_cov_7.583739||full	0.993	dsDNAphage	56664	2	14.4	4.4	56664	No	NA	91	2	2	High-quality	High-quality	99.89	AAI-based (medium-confidence)	0	1	NA
C2	bin.unbinned	NODE_832_length_56676_cov_5.869077||full	1	dsDNAphage	56537	2	30.7	0	56537	No	NA	75	9	0	High-quality	High-quality	99.5	AAI-based (medium-confidence)	0	1	NA
C2	bin.unbinned	NODE_835_length_56451_cov_23.820679||full	0.92	dsDNAphage	56449	2	13	4.3	56449	No	NA	69	5	1	High-quality	High-quality	100	AAI-based (medium-confidence)	0	1	NA
B1	bin.unbinned	NODE_46_length_57558_cov_11.367824||full	0.893	dsDNAphage	56322	2	13	8.7	56322	No	NA	68	5	3	High-quality	High-quality	100	AAI-based (medium-confidence)	0	1	NA
C2	bin.unbinned	NODE_840_length_56069_cov_7.058253||full	1	dsDNAphage	56014	2	36.1	0	56014	No	NA	86	17	0	High-quality	High-quality	100	AAI-based (medium-confidence)	0	1	NA
C2	bin.unbinned	NODE_846_length_55968_cov_23.779425||full	0.973	dsDNAphage	55965	2	16.4	4.1	55965	No	NA	73	4	1	High-quality	High-quality	98.63	AAI-based (medium-confidence)	0	1	NA
B2	bin.unbinned	NODE_631_length_55524_cov_55.751627||full	0.907	dsDNAphage	55469	2	13.4	4.5	55469	No	NA	67	5	1	High-quality	High-quality	100	AAI-based (medium-confidence)	0	1	NA
B2	bin.042	NODE_634_length_55447_cov_6.373447||full	0.98	dsDNAphage	55445	9	27.3	3	55445	No	NA	99	16	0	High-quality	High-quality	95.64	AAI-based (medium-confidence)	0	1	NA
C2	bin.unbinned	NODE_866_length_55352_cov_10.400926||full	0.993	dsDNAphage	55340	7	42.3	1.4	55340	No	NA	71	14	0	High-quality	High-quality	96.06	AAI-based (high-confidence)	0	1	NA
B2	bin.unbinned	NODE_642_length_55177_cov_33.870524||full	1	dsDNAphage	55122	5	31.3	4.8	55122	No	NA	88	16	3	High-quality	High-quality	93.12	AAI-based (medium-confidence)	0	1	NA
B1	bin.unbinned	NODE_49_length_55173_cov_7.503502||full	1	dsDNAphage	55118	5	30.2	4.7	55118	No	NA	87	16	3	High-quality	High-quality	93.11	AAI-based (medium-confidence)	0	1	NA
C2	bin.unbinned	NODE_869_length_55291_cov_8.143674||full	0.993	dsDNAphage	54979	3	36.8	1.3	54979	No	NA	75	10	0	High-quality	High-quality	100	AAI-based (medium-confidence)	0	1	NA
A3	bin.ubinned	NODE_233_length_54963_cov_6.260017||full	1	dsDNAphage	54963	2	35.8	5	54963	No	NA	81	17	2	High-quality	High-quality	99.9	AAI-based (high-confidence)	0	1	NA
C2	bin.138	NODE_877_length_54988_cov_12.135893||full	1	dsDNAphage	54774	5	38	1.3	54774	No	NA	80	14	1	High-quality	High-quality	91.99	AAI-based (high-confidence)	0	1	NA
B2	bin.unbinned	NODE_663_length_54605_cov_12.943336||full	1	dsDNAphage	54603	7	27	0	54603	No	NA	69	15	1	High-quality	High-quality	100	AAI-based (high-confidence)	0	1	NA
A3	bin.ubinned	NODE_235_length_54791_cov_5.050698||full	0.993	dsDNAphage	54549	3	21.9	4.1	54549	No	NA	73	5	2	High-quality	High-quality	100	AAI-based (medium-confidence)	0	1	NA
B2	bin.113	NODE_671_length_54288_cov_6.334575||full	0.987	dsDNAphage	54233	3	35.1	1.4	54233	No	NA	75	9	0	High-quality	High-quality	100	AAI-based (medium-confidence)	0	1	NA
C2	bin.unbinned	NODE_917_length_53432_cov_13.760627||full	1	dsDNAphage	53377	1	28.1	0	53377	No	NA	64	5	2	High-quality	High-quality	94.88	AAI-based (medium-confidence)	0	1	NA
B2	bin.unbinned	NODE_691_length_53385_cov_9.666304||full	1	dsDNAphage	52976	16	59.4	1.4	52976	No	NA	69	33	1	High-quality	High-quality	100	AAI-based (high-confidence)	0	1	NA
B1	bin.unbinned	NODE_56_length_53017_cov_6.776670||full	1	dsDNAphage	52930	17	62.5	0	52930	No	NA	72	36	0	High-quality	High-quality	100	AAI-based (high-confidence)	0	1	NA
B2	bin.unbinned	NODE_703_length_52967_cov_35.516405||full	1	dsDNAphage	52912	17	62	0	52912	No	NA	72	37	0	High-quality	High-quality	100	AAI-based (high-confidence)	0	1	NA
B2	bin.unbinned	NODE_679_length_54029_cov_4.933431||full	0.92	dsDNAphage	52738	0	17.4	1.1	52738	No	NA	90	9	1	High-quality	High-quality	95.99	AAI-based (medium-confidence)	0	1	NA
C2	bin.unbinned	NODE_941_length_52647_cov_46.820695||full	1	dsDNAphage	52592	14	45.6	1.1	52592	No	NA	91	29	1	High-quality	High-quality	99.83	AAI-based (medium-confidence)	0	1	NA
C1	bin.012	NODE_143_length_52584_cov_5.713149||full	1	dsDNAphage	52555	14	46.1	1.1	52555	No	NA	89	28	1	High-quality	High-quality	97.11	AAI-based (medium-confidence)	0	1	NA
A3	bin.ubinned	NODE_255_length_52362_cov_11.982966||full	1	dsDNAphage	52307	7	30	0	52307	No	NA	73	14	0	High-quality	High-quality	100	AAI-based (medium-confidence)	0	1	NA
A3	bin.ubinned	NODE_256_length_52225_cov_23.423903||full	0.993	dsDNAphage	52170	6	33.3	0	52170	No	NA	70	14	0	High-quality	High-quality	100	AAI-based (medium-confidence)	0	1	NA
C2	bin.unbinned	NODE_958_length_52023_cov_16.350947||full	1	dsDNAphage	52019	7	30.6	0	52019	No	NA	67	15	1	High-quality	High-quality	100	AAI-based (high-confidence)	0	1	NA
C2	bin.unbinned	NODE_967_length_51712_cov_9.196856||full	1	dsDNAphage	51616	2	14.9	0	51616	No	NA	74	6	1	High-quality	High-quality	100	AAI-based (high-confidence)	0	1	NA
A3	bin.ubinned	NODE_272_length_51466_cov_14.697049||full	0.993	dsDNAphage	51411	6	28.9	0	51411	No	NA	77	16	0	High-quality	High-quality	100	AAI-based (medium-confidence)	0	1	NA
C1	bin.unbinned	NODE_152_length_51070_cov_4.878369||full	1	dsDNAphage	51046	5	33.3	4	51046	No	NA	75	17	4	High-quality	High-quality	96.78	AAI-based (medium-confidence)	0	1	NA
B2	bin.unbinned	NODE_758_length_50872_cov_7.680186||full	1	dsDNAphage	50842	16	53.8	0	50842	No	NA	80	28	0	High-quality	High-quality	100	AAI-based (high-confidence)	0	1	NA
B2	bin.unbinned	NODE_762_length_50750_cov_65.720998||full	1	dsDNAphage	50747	5	27.3	1.5	50747	No	NA	66	10	2	High-quality	High-quality	100	AAI-based (high-confidence)	0	1	NA
A3	bin.079	NODE_259_length_52108_cov_7.072791||full	0.993	dsDNAphage	50738	1	23	2.7	50738	No	NA	74	5	0	High-quality	High-quality	99.84	AAI-based (medium-confidence)	0	1	NA
C2	bin.unbinned	NODE_1017_length_50649_cov_67.154979||full	1	dsDNAphage	50594	5	27.7	1.5	50594	No	NA	65	10	2	High-quality	High-quality	100	AAI-based (high-confidence)	0	1	NA
C2	bin.unbinned	NODE_1018_length_50648_cov_6.180657||full	1	dsDNAphage	50593	2	23.2	1.4	50593	No	NA	69	9	0	High-quality	High-quality	100	AAI-based (medium-confidence)	0	1	NA
B1	bin.unbinned	NODE_57_length_50645_cov_6.135995||full	0.98	dsDNAphage	50590	3	14.7	1.5	50590	No	NA	68	6	2	High-quality	High-quality	100	AAI-based (medium-confidence)	0	1	NA
B2	bin.unbinned	NODE_774_length_50414_cov_13.932425||full	1	dsDNAphage	50412	2	29.6	1.2	50412	No	NA	81	14	0	High-quality	High-quality	100	AAI-based (high-confidence)	0	1	NA
B2	bin.unbinned	NODE_775_length_50410_cov_9.014279||full	1	dsDNAphage	50355	5	34.3	1.5	50355	No	NA	68	10	0	High-quality	High-quality	100	AAI-based (high-confidence)	0	1	NA
B2	bin.unbinned	NODE_763_length_50676_cov_27.948026||full	0.98	dsDNAphage	50350	3	14.7	1.5	50350	No	NA	68	6	2	High-quality	High-quality	100	AAI-based (medium-confidence)	0	1	NA
C2	bin.unbinned	NODE_1016_length_50660_cov_25.094437||full	0.98	dsDNAphage	50339	3	14.7	1.5	50339	No	NA	68	6	2	High-quality	High-quality	100	AAI-based (medium-confidence)	0	1	NA
B2	bin.unbinned	NODE_777_length_50302_cov_8.746174||full	1	dsDNAphage	50300	5	34.8	0	50300	No	NA	62	14	0	High-quality	High-quality	100	AAI-based (medium-confidence)	0	1	NA
C2	bin.unbinned	NODE_1032_length_50342_cov_82.425120||full	0.987	dsDNAphage	50287	3	11.3	1.6	50287	No	NA	61	5	1	High-quality	High-quality	100	AAI-based (medium-confidence)	0	1	NA
A3	bin.ubinned	NODE_298_length_50279_cov_20.554356||full	0.907	dsDNAphage	50224	2	17.9	7.5	50224	No	NA	68	6	1	High-quality	High-quality	100	AAI-based (medium-confidence)	0	1	NA
A1	bin.unbinned	NODE_368_length_50039_cov_5.900928||full	1	dsDNAphage	49806	13	49.3	0	49806	No	NA	69	27	0	High-quality	High-quality	100	AAI-based (medium-confidence)	0	1	NA
C2	bin.unbinned	NODE_1051_length_49763_cov_6.210127||full	1	dsDNAphage	49761	2	28.4	1.2	49761	No	NA	81	14	0	High-quality	High-quality	98.76	AAI-based (high-confidence)	0	1	NA
C2	bin.005	NODE_1046_length_49838_cov_12.397565||full	1	dsDNAphage	49630	3	20	1.2	49630	No	NA	80	8	3	High-quality	High-quality	99.13	AAI-based (medium-confidence)	0	1	NA
A3	bin.ubinned	NODE_313_length_49617_cov_5.140955||full	0.967	dsDNAphage	49615	1	13.2	2.9	49615	No	NA	68	3	1	High-quality	High-quality	100	AAI-based (medium-confidence)	0	1	NA
A3	bin.ubinned	NODE_314_length_49524_cov_12.530090||full	1	dsDNAphage	49469	4	46.9	1.2	49469	No	NA	76	21	1	High-quality	High-quality	99.19	AAI-based (medium-confidence)	0	1	NA
B2	bin.074	NODE_798_length_49434_cov_10.229186||full	1	dsDNAphage	49379	3	20.3	1.3	49379	No	NA	79	8	3	High-quality	High-quality	98.66	AAI-based (medium-confidence)	0	1	NA
A3	bin.ubinned	NODE_318_length_49367_cov_19.438189||full	0.993	dsDNAphage	49357	13	44.7	2.6	49357	No	NA	77	23	0	High-quality	High-quality	100	AAI-based (medium-confidence)	0	1	NA
C2	bin.unbinned	NODE_1061_length_49397_cov_6.100036||full	0.993	dsDNAphage	49351	6	41.5	0	49351	No	NA	65	16	0	High-quality	High-quality	100	AAI-based (medium-confidence)	0	1	NA
B2	bin.unbinned	NODE_797_length_49521_cov_38.838495||full	0.967	dsDNAphage	49026	3	11.5	1.6	49026	No	NA	58	5	1	High-quality	High-quality	99.33	AAI-based (medium-confidence)	0	1	NA
B2	bin.009	NODE_810_length_49036_cov_6.580940||full	1	dsDNAphage	48981	10	34.7	1.3	48981	No	NA	76	20	0	High-quality	High-quality	100	AAI-based (medium-confidence)	0	1	NA
A3	bin.ubinned	NODE_328_length_48942_cov_12.366110||full	0.973	dsDNAphage	48852	3	18.5	3.7	48852	No	NA	81	7	0	High-quality	High-quality	100	AAI-based (medium-confidence)	0	1	NA
B2	bin.042	NODE_819_length_48639_cov_8.380454||full	1	dsDNAphage	48584	14	65.6	0	48584	No	NA	62	30	0	High-quality	High-quality	100	AAI-based (high-confidence)	0	1	NA
A3	bin.ubinned	NODE_334_length_48503_cov_19.675859||full	0.98	dsDNAphage	48502	2	18.4	1.3	48502	No	NA	75	5	2	High-quality	High-quality	100	AAI-based (high-confidence)	0	1	NA
B2	bin.074	NODE_809_length_49106_cov_18.182769||full	1	dsDNAphage	48263	5	32.9	0	48263	No	NA	76	17	0	High-quality	High-quality	100	AAI-based (high-confidence)	0	1	NA
A3	bin.ubinned	NODE_333_length_48553_cov_12.125077||full	0.987	dsDNAphage	48219	6	42.1	5.3	48219	No	NA	59	16	1	High-quality	High-quality	100	AAI-based (medium-confidence)	0	1	NA
C2	bin.unbinned	NODE_1096_length_48148_cov_19.446406||full	1	dsDNAphage	48145	5	28.4	0	48145	No	NA	60	13	1	High-quality	High-quality	95.56	AAI-based (high-confidence)	0	1	NA
B2	bin.032	NODE_831_length_48332_cov_7.047642||full	1	dsDNAphage	48138	7	33.3	1.5	48138	No	NA	67	8	2	High-quality	High-quality	100	AAI-based (medium-confidence)	0	1	NA
A3	bin.ubinned	NODE_343_length_48060_cov_10.304010||full	1	dsDNAphage	48005	2	31.1	1.4	48005	No	NA	74	13	0	High-quality	High-quality	95.28	AAI-based (high-confidence)	0	1	NA
A3	bin.ubinned	NODE_347_length_47888_cov_5.843957||full	1	dsDNAphage	47833	6	43.5	1.4	47833	No	NA	70	24	0	High-quality	High-quality	99.27	AAI-based (medium-confidence)	0	1	NA
B2	bin.unbinned	NODE_849_length_47806_cov_10.048879||full	1	dsDNAphage	47774	5	48.4	1.6	47774	No	NA	58	27	0	High-quality	High-quality	99.13	AAI-based (medium-confidence)	0	1	NA
A3	bin.098	NODE_356_length_47448_cov_7.363218||full	0.987	dsDNAphage	47446	4	23.4	3.1	47446	No	NA	64	4	1	High-quality	High-quality	100	AAI-based (medium-confidence)	0	1	NA
B2	bin.unbinned	NODE_868_length_47253_cov_5.624645||full	1	dsDNAphage	47198	3	45.3	1.3	47198	No	NA	74	14	3	High-quality	High-quality	97.02	AAI-based (medium-confidence)	0	1	NA
B2	bin.unbinned	NODE_873_length_47140_cov_7.608092||full	0.993	dsDNAphage	47136	3	22.8	2.5	47136	No	NA	79	10	0	High-quality	High-quality	100	AAI-based (medium-confidence)	0	1	NA
B2	bin.unbinned	NODE_871_length_47184_cov_29.357635||full	1	dsDNAphage	47129	1	10.8	2.7	47129	No	NA	74	4	1	High-quality	High-quality	99.38	AAI-based (medium-confidence)	0	1	NA
C2	bin.unbinned	NODE_1136_length_47158_cov_34.629089||full	1	dsDNAphage	47129	1	10.8	2.7	47129	No	NA	73	4	1	High-quality	High-quality	99.38	AAI-based (medium-confidence)	0	1	NA
A3	bin.ubinned	NODE_352_length_47578_cov_5.625592||full	0.993	dsDNAphage	47128	1	20.3	0	47128	No	NA	74	5	2	High-quality	High-quality	95.31	AAI-based (high-confidence)	0	1	NA
B2	bin.unbinned	NODE_874_length_47121_cov_8.369694||full	0.993	dsDNAphage	47066	9	46	3.2	47066	No	NA	64	25	1	High-quality	High-quality	100	AAI-based (medium-confidence)	0	1	NA
C2	bin.unbinned	NODE_1143_length_47018_cov_11.510530||full	1	dsDNAphage	46963	18	52.2	0	46963	No	NA	68	35	1	High-quality	High-quality	98.54	AAI-based (high-confidence)	0	1	NA
B1	bin.unbinned	NODE_64_length_46944_cov_6.037173||full	1	dsDNAphage	46941	3	27.7	1.5	46941	No	NA	65	8	0	High-quality	High-quality	100	AAI-based (medium-confidence)	0	1	NA
B2	bin.unbinned	NODE_881_length_46943_cov_4.769856||full	1	dsDNAphage	46888	2	18.2	0	46888	No	NA	55	4	3	High-quality	High-quality	100	AAI-based (high-confidence)	0	1	NA
B2	bin.062	NODE_886_length_46889_cov_12.991352||full	0.993	dsDNAphage	46834	2	16.9	1.4	46834	No	NA	72	10	0	High-quality	High-quality	100	AAI-based (medium-confidence)	0	1	NA
B2	bin.unbinned	NODE_887_length_46885_cov_8.761520||full	0.993	dsDNAphage	46830	6	44.8	1.7	46830	No	NA	59	19	0	High-quality	High-quality	100	AAI-based (medium-confidence)	0	1	NA
C2	bin.unbinned	NODE_1151_length_46880_cov_18.397758||full	0.993	dsDNAphage	46825	3	27.3	1.5	46825	No	NA	64	8	0	High-quality	High-quality	100	AAI-based (medium-confidence)	0	1	NA
C2	bin.047	NODE_1155_length_46805_cov_6.711123||full	0.993	dsDNAphage	46804	2	16.7	1.4	46804	No	NA	72	10	0	High-quality	High-quality	100	AAI-based (medium-confidence)	0	1	NA
B2	bin.unbinned	NODE_894_length_46791_cov_575.023943||full	1	dsDNAphage	46704	1	27.3	0	46704	No	NA	49	4	0	High-quality	High-quality	100	AAI-based (medium-confidence)	0	1	NA
C1	bin.unbinned	NODE_168_length_46791_cov_32.519578||full	1	dsDNAphage	46704	1	27.3	0	46704	No	NA	49	4	0	High-quality	High-quality	100	AAI-based (medium-confidence)	0	1	NA
B1	bin.unbinned	NODE_65_length_46790_cov_137.627132||full	1	dsDNAphage	46703	1	27.3	0	46703	No	NA	49	4	0	High-quality	High-quality	100	AAI-based (medium-confidence)	0	1	NA
B2	bin.unbinned	NODE_900_length_46680_cov_6.025759||full	0.96	dsDNAphage	46676	2	14.5	1.4	46676	No	NA	62	6	1	High-quality	High-quality	93.75	AAI-based (medium-confidence)	0	1	NA
C2	bin.047	NODE_1163_length_46708_cov_7.078173||full	0.973	dsDNAphage	46654	1	12.5	4.7	46654	No	NA	64	4	1	High-quality	High-quality	98.2	AAI-based (medium-confidence)	0	1	NA
C2	bin.050	NODE_1159_length_46771_cov_12.900655||full	1	dsDNAphage	46553	10	50	6.9	46553	No	NA	72	32	1	High-quality	High-quality	100	AAI-based (high-confidence)	0	1	NA
C2	bin.unbinned	NODE_1157_length_46791_cov_196.721735||full	1	dsDNAphage	46498	1	27.3	0	46498	No	NA	49	4	0	High-quality	High-quality	100	AAI-based (medium-confidence)	0	1	NA
B2	bin.114	NODE_921_length_46196_cov_5.763616||full	0.987	dsDNAphage	46193	10	38	4.2	46193	No	NA	71	23	2	High-quality	High-quality	100	AAI-based (medium-confidence)	0	1.15	NA
A3	bin.ubinned	NODE_374_length_46227_cov_12.617734||full	0.993	dsDNAphage	46172	16	51.2	4.9	46172	No	NA	83	40	0	High-quality	High-quality	100	AAI-based (high-confidence)	0	1	NA
B2	bin.064	NODE_925_length_46134_cov_9.919052||full	1	dsDNAphage	46132	7	47.5	0	46132	No	NA	59	17	0	High-quality	High-quality	100	AAI-based (high-confidence)	0	1	NA
B2	bin.unbinned	NODE_928_length_46012_cov_7.689558||full	1	dsDNAphage	45957	4	37.5	0	45957	No	NA	72	18	1	High-quality	High-quality	100	AAI-based (medium-confidence)	0	1	NA
C2	bin.047	NODE_1199_length_45956_cov_5.469249||full	1	dsDNAphage	45954	1	14.9	0	45954	No	NA	74	2	0	High-quality	High-quality	100	AAI-based (high-confidence)	0	1	NA
C2	bin.047	NODE_1202_length_45924_cov_6.972770||full	1	dsDNAphage	45923	7	48.3	0	45923	No	NA	58	17	0	High-quality	High-quality	100	AAI-based (high-confidence)	0	1	NA
A3	bin.ubinned	NODE_383_length_45949_cov_12.896021||full	0.993	dsDNAphage	45914	3	30.6	3.2	45914	No	NA	63	8	0	High-quality	High-quality	94.35	AAI-based (high-confidence)	0	1	NA
C2	bin.unbinned	NODE_1161_length_46758_cov_4.563690||full	1	dsDNAphage	45878	2	17.9	0	45878	No	NA	56	4	3	High-quality	High-quality	100	AAI-based (medium-confidence)	0	1	NA
A3	bin.ubinned	NODE_384_length_45892_cov_8.380064||full	1	dsDNAphage	45837	2	30.7	1.3	45837	No	NA	76	16	0	High-quality	High-quality	98.22	AAI-based (medium-confidence)	0	1	NA
B2	bin.unbinned	NODE_911_length_46413_cov_64.368415||full	0.987	dsDNAphage	45795	1	10.3	1.5	45795	No	NA	68	3	1	High-quality	High-quality	97.3	AAI-based (high-confidence)	0	1	NA
B2	bin.unbinned	NODE_935_length_45817_cov_5.197194||full	0.993	dsDNAphage	45686	8	41.9	3.2	45686	No	NA	57	21	1	High-quality	High-quality	100	AAI-based (medium-confidence)	0	1	NA
B1	bin.unbinned	NODE_67_length_46450_cov_15.233042||full	0.987	dsDNAphage	45643	1	10.4	1.5	45643	No	NA	67	3	1	High-quality	High-quality	96.98	AAI-based (high-confidence)	0	1	NA
A3	bin.ubinned	NODE_391_length_45583_cov_5.108790||full	1	dsDNAphage	45582	1	12.5	1.2	45582	No	NA	80	1	0	High-quality	High-quality	100	AAI-based (medium-confidence)	0	1	NA
C1	bin.unbinned	NODE_182_length_45453_cov_59.630600||full	1	dsDNAphage	45398	6	38	2.5	45398	No	NA	80	14	0	High-quality	High-quality	100	AAI-based (medium-confidence)	0	1	NA
C2	bin.unbinned	NODE_1223_length_45453_cov_376.081612||full	1	dsDNAphage	45398	6	38	2.5	45398	No	NA	79	14	0	High-quality	High-quality	100	AAI-based (medium-confidence)	0	1	NA
B1	bin.012	NODE_69_length_45339_cov_9.425095||full	1	dsDNAphage	45284	7	49.3	1.5	45284	No	NA	69	20	0	High-quality	High-quality	100	AAI-based (medium-confidence)	0	1	NA
B2	bin.unbinned	NODE_954_length_45339_cov_46.597739||full	1	dsDNAphage	45284	7	47.8	1.5	45284	No	NA	69	22	0	High-quality	High-quality	100	AAI-based (medium-confidence)	0	1	NA
C2	bin.136	NODE_1235_length_45333_cov_29.371969||full	1	dsDNAphage	45284	7	49.3	1.5	45284	No	NA	69	21	0	High-quality	High-quality	100	AAI-based (medium-confidence)	0	1	NA
B2	bin.unbinned	NODE_956_length_45322_cov_4.690370||full	0.993	dsDNAphage	45201	9	43.9	1.5	45201	No	NA	65	22	1	High-quality	High-quality	100	AAI-based (medium-confidence)	0	1	NA
A3	bin.ubinned	NODE_399_length_45158_cov_7.740350||full	0.993	dsDNAphage	45103	4	26.2	3.3	45103	No	NA	62	7	3	High-quality	High-quality	100	AAI-based (medium-confidence)	0	1	NA
C2	bin.unbinned	NODE_1253_length_45110_cov_10.831850||full	1	dsDNAphage	45055	1	36.5	2.7	45055	No	NA	75	15	0	High-quality	High-quality	100	AAI-based (high-confidence)	0	1	NA
A3	bin.098	NODE_402_length_44993_cov_5.093217||full	0.987	dsDNAphage	44989	2	10.8	3.1	44989	No	NA	65	5	0	High-quality	High-quality	100	AAI-based (medium-confidence)	0	1	NA
B2	bin.074	NODE_976_length_44859_cov_9.842871||full	1	dsDNAphage	44859	3	36.4	1.5	44859	No	NA	67	13	1	Complete	High-quality	100	DTR (high-confidence)	0	1	NA
A1	bin.unbinned	NODE_455_length_44858_cov_7.013995||full	0.993	dsDNAphage	44839	7	36.2	0	44839	No	NA	70	16	0	High-quality	High-quality	93.92	AAI-based (high-confidence)	0	1	NA
C2	bin.unbinned	NODE_1268_length_44832_cov_9.522567||full	1	dsDNAphage	44777	1	16.2	0	44777	No	NA	81	4	1	High-quality	High-quality	95.18	AAI-based (medium-confidence)	0	1	NA
A3	bin.070	NODE_407_length_44638_cov_8.926452||full	1	dsDNAphage	44583	8	43.8	0	44583	No	NA	63	17	0	High-quality	High-quality	100	AAI-based (medium-confidence)	0	1	NA
B2	bin.unbinned	NODE_980_length_44782_cov_9.265008||full	1	dsDNAphage	44561	1	35.6	2.7	44561	No	NA	73	14	0	High-quality	High-quality	100	AAI-based (high-confidence)	0	1	NA
A1	bin.unbinned	NODE_462_length_44585_cov_15.736515||full	1	dsDNAphage	44530	4	32.8	0	44530	No	NA	64	12	0	High-quality	High-quality	99.38	AAI-based (high-confidence)	0	1	NA
C2	bin.unbinned	NODE_1292_length_44497_cov_6.126952||full	1	dsDNAphage	44430	6	38.3	0	44430	No	NA	60	10	1	High-quality	High-quality	100	AAI-based (high-confidence)	0	1	NA
C2	bin.unbinned	NODE_1303_length_44233_cov_6.781565||full	1	dsDNAphage	44231	5	44.8	0	44231	No	NA	67	19	0	High-quality	High-quality	100	AAI-based (medium-confidence)	0	1	NA
C2	bin.047	NODE_1315_length_44038_cov_11.159721||full	0.987	dsDNAphage	43983	3	33.8	4.6	43983	No	NA	65	8	1	High-quality	High-quality	100	AAI-based (medium-confidence)	0	1	NA
C2	bin.unbinned	NODE_1321_length_43938_cov_6.519677||full	0.98	dsDNAphage	43936	1	20.6	3.2	43936	No	NA	63	8	0	High-quality	High-quality	100	AAI-based (high-confidence)	0	1	NA
A3	bin.ubinned	NODE_426_length_43956_cov_15.311291||full	1	dsDNAphage	43901	3	36.2	1.7	43901	No	NA	57	8	1	High-quality	High-quality	100	AAI-based (medium-confidence)	0	1	NA
B2	bin.116	NODE_1017_length_43909_cov_4.596342||full	1	dsDNAphage	43891	14	58.8	4.4	43891	No	NA	69	33	0	High-quality	High-quality	100	AAI-based (high-confidence)	0	1	NA
B2	bin.unbinned	NODE_1021_length_43872_cov_6.278636||full	0.993	dsDNAphage	43861	2	23.6	0	43861	No	NA	66	4	0	High-quality	High-quality	96.03	AAI-based (medium-confidence)	0	1	NA
B2	bin.062	NODE_1007_length_44038_cov_12.401223||full	0.973	dsDNAphage	43808	3	33.8	4.6	43808	No	NA	58	8	1	High-quality	High-quality	100	AAI-based (medium-confidence)	0	1	NA
A3	bin.ubinned	NODE_431_length_43784_cov_14.748428||full	0.993	dsDNAphage	43782	3	16.9	4.2	43782	No	NA	71	5	0	High-quality	High-quality	100	AAI-based (medium-confidence)	0	1	NA
C2	bin.unbinned	NODE_1326_length_43776_cov_10.885250||full	1	dsDNAphage	43774	3	33.3	0	43774	No	NA	54	7	0	High-quality	High-quality	100	AAI-based (medium-confidence)	0	1	NA
A3	bin.ubinned	NODE_434_length_43765_cov_18.064768||full	1	dsDNAphage	43725	6	33.8	0	43725	No	NA	64	15	0	High-quality	High-quality	98.16	AAI-based (medium-confidence)	0	1	NA
A3	bin.ubinned	NODE_433_length_43766_cov_22.125758||full	1	dsDNAphage	43720	7	33.8	2.8	43720	No	NA	72	14	0	High-quality	High-quality	95.51	AAI-based (high-confidence)	0	1	NA
B2	bin.unbinned	NODE_1026_length_43771_cov_10.665980||full	0.993	dsDNAphage	43690	3	17.2	3.4	43690	No	NA	58	6	1	High-quality	High-quality	94.02	AAI-based (medium-confidence)	0	1	NA
A3	bin.079	NODE_432_length_43777_cov_9.049151||full	1	dsDNAphage	43673	6	28.6	0	43673	No	NA	63	11	3	Complete	High-quality	100	DTR (high-confidence)	0	1	NA
C2	bin.unbinned	NODE_1337_length_43631_cov_5.654489||full	1	dsDNAphage	43629	6	28.4	0	43629	No	NA	74	14	0	High-quality	High-quality	100	AAI-based (high-confidence)	0	1	NA
C2	bin.unbinned	NODE_1323_length_43875_cov_21.572501||full	0.98	dsDNAphage	43524	3	22.6	4.8	43524	No	NA	62	6	1	High-quality	High-quality	91.71	AAI-based (medium-confidence)	0	1	NA
B2	bin.032	NODE_1032_length_43567_cov_10.438086||full	1	dsDNAphage	43512	5	23.7	0	43512	No	NA	78	11	1	High-quality	High-quality	100	AAI-based (medium-confidence)	0	1	NA
C2	bin.047	NODE_1342_length_43567_cov_10.652671||full	1	dsDNAphage	43512	5	23.4	0	43512	No	NA	78	11	1	High-quality	High-quality	100	AAI-based (medium-confidence)	0	1	NA
A1	bin.unbinned	NODE_494_length_43632_cov_7.524612||full	1	dsDNAphage	43453	16	70.2	0	43453	No	NA	58	36	0	High-quality	High-quality	95.82	AAI-based (high-confidence)	0	1	NA
A1	bin.030	NODE_499_length_43481_cov_8.239350||full	0.96	dsDNAphage	43426	6	38.5	5.8	43426	No	NA	53	10	0	High-quality	High-quality	98.98	AAI-based (high-confidence)	0	1	NA
B2	bin.unbinned	NODE_1037_length_43470_cov_6.181642||full	0.987	dsDNAphage	43415	7	37.7	1.6	43415	No	NA	62	23	0	High-quality	High-quality	99.4	AAI-based (medium-confidence)	0	1	NA
C2	bin.unbinned	NODE_1349_length_43500_cov_9.929060||full	1	dsDNAphage	43221	4	27	1.4	43221	No	NA	68	7	0	High-quality	High-quality	95.72	AAI-based (medium-confidence)	0	1	NA
B2	bin.unbinned	NODE_1027_length_43762_cov_8.920814||full	0.993	dsDNAphage	43168	3	30.2	0	43168	No	NA	63	10	0	High-quality	High-quality	100	AAI-based (medium-confidence)	0	1	NA
B2	bin.unbinned	NODE_1058_length_42999_cov_26.417683||full	0.98	dsDNAphage	42996	5	23.8	6.3	42996	Yes	40979	63	7	3	High-quality	High-quality	97.11	AAI-based (medium-confidence)	4.69	1	NA
A3	bin.ubinned	NODE_454_length_43026_cov_20.267948||full	1	dsDNAphage	42971	3	38.1	0	42971	No	NA	65	12	1	High-quality	High-quality	99.03	AAI-based (high-confidence)	0	1	NA
B2	bin.unbinned	NODE_1057_length_43000_cov_12.236139||full	0.993	dsDNAphage	42945	5	38.8	1.5	42945	No	NA	68	13	0	High-quality	High-quality	96.86	AAI-based (high-confidence)	0	1	NA
A3	bin.098	NODE_457_length_42899_cov_6.161983||full	1	dsDNAphage	42895	3	23.5	2.9	42895	No	NA	68	11	1	High-quality	High-quality	100	AAI-based (medium-confidence)	0	1	NA
C2	bin.unbinned	NODE_1378_length_43000_cov_7.277448||full	0.993	dsDNAphage	42761	5	38.8	1.5	42761	No	NA	67	13	0	High-quality	High-quality	97.81	AAI-based (high-confidence)	0	1	NA
A1	bin.unbinned	NODE_520_length_42778_cov_15.646958||full	1	dsDNAphage	42697	2	20	0	42697	No	NA	68	7	0	High-quality	High-quality	96.48	AAI-based (high-confidence)	0	1	NA
A3	bin.ubinned	NODE_463_length_42687_cov_16.358580||full	0.993	dsDNAphage	42685	6	38.2	3.6	42685	No	NA	55	12	0	High-quality	High-quality	100	AAI-based (medium-confidence)	0	1	NA
A3	bin.ubinned	NODE_464_length_42675_cov_6.751760||full	0.993	dsDNAphage	42674	2	22.2	3.7	42674	No	NA	54	5	0	High-quality	High-quality	94.95	AAI-based (high-confidence)	0	1	NA
B1	bin.unbinned	NODE_78_length_42651_cov_13.546906||full	1	dsDNAphage	42596	4	32.4	1.4	42596	No	NA	73	9	0	High-quality	High-quality	100	AAI-based (high-confidence)	0	1	NA
C2	bin.unbinned	NODE_1395_length_42631_cov_6.153302||full	0.987	dsDNAphage	42576	2	11.1	1.6	42576	No	NA	64	4	0	High-quality	High-quality	98.69	AAI-based (high-confidence)	0	1	NA
B2	bin.076	NODE_1063_length_42899_cov_15.081225||full	0.987	dsDNAphage	42449	2	13.9	0	42449	No	NA	75	4	0	Complete	High-quality	100	DTR (high-confidence)	0	1.1	NA
A3	bin.ubinned	NODE_467_length_42621_cov_14.213997||full	1	dsDNAphage	42446	4	43.3	1.7	42446	No	NA	59	10	1	High-quality	High-quality	97.99	AAI-based (medium-confidence)	0	1	NA
B2	bin.unbinned	NODE_1091_length_42424_cov_10.083906||full	1	dsDNAphage	42400	6	43.8	0	42400	No	NA	64	13	0	High-quality	High-quality	100	AAI-based (medium-confidence)	0	1	NA
B2	bin.unbinned	NODE_1097_length_42358_cov_14.703307||full	0.98	dsDNAphage	42305	7	36.2	1.4	42305	No	NA	69	23	0	High-quality	High-quality	96.89	AAI-based (high-confidence)	0	1	NA
A3	bin.ubinned	NODE_471_length_42428_cov_59.555212||full	1	dsDNAphage	42194	2	29.4	0	42194	No	NA	66	14	0	High-quality	High-quality	100	AAI-based (high-confidence)	0	1	NA
A3	bin.035	NODE_480_length_42218_cov_5.983184||full	0.993	dsDNAphage	42143	3	26.5	1.5	42143	No	NA	68	10	0	High-quality	High-quality	100	AAI-based (high-confidence)	0	1	NA
C2	bin.047	NODE_1440_length_41738_cov_9.642660||full	1	dsDNAphage	41683	5	32.4	1.4	41683	No	NA	74	14	1	High-quality	High-quality	100	AAI-based (high-confidence)	0	1	NA
C2	bin.unbinned	NODE_1449_length_41529_cov_36.190119||full	1	dsDNAphage	41527	6	33.8	0	41527	No	NA	65	7	0	High-quality	High-quality	100	AAI-based (high-confidence)	0	1	NA
A3	bin.ubinned	NODE_498_length_41672_cov_30.154288||full	0.993	dsDNAphage	41496	3	27.5	2.9	41496	No	NA	69	10	1	High-quality	High-quality	100	AAI-based (medium-confidence)	0	1	NA
C2	bin.unbinned	NODE_1454_length_41494_cov_9.758923||full	0.993	dsDNAphage	41439	2	24.2	0	41439	No	NA	67	4	1	High-quality	High-quality	100	AAI-based (high-confidence)	0	1	NA
B2	bin.unbinned	NODE_1108_length_42110_cov_56.657235||full	0.993	dsDNAphage	41417	4	33.8	0	41417	No	NA	71	8	0	High-quality	High-quality	100	AAI-based (high-confidence)	0	1	NA
C2	bin.unbinned	NODE_1422_length_42110_cov_39.577220||full	0.993	dsDNAphage	41417	4	33.8	0	41417	No	NA	71	8	0	High-quality	High-quality	100	AAI-based (high-confidence)	0	1	NA
A3	bin.ubinned	NODE_502_length_41407_cov_7.236216||full	1	dsDNAphage	41378	7	36.4	7.6	41378	No	NA	62	14	5	High-quality	High-quality	100	AAI-based (medium-confidence)	0	1	NA
B2	bin.unbinned	NODE_1139_length_41380_cov_5.894301||full	0.993	dsDNAphage	41377	4	27.4	3.2	41377	No	NA	62	10	0	High-quality	High-quality	100	AAI-based (medium-confidence)	0	1	NA
A3	bin.ubinned	NODE_503_length_41390_cov_25.885255||full	0.993	dsDNAphage	41335	3	22.6	1.6	41335	No	NA	61	7	0	High-quality	High-quality	100	AAI-based (medium-confidence)	0	1	NA
B1	bin.unbinned	NODE_82_length_41336_cov_6.486374||full	1	dsDNAphage	41334	11	41.4	1.7	41334	No	NA	58	18	1	High-quality	High-quality	100	AAI-based (medium-confidence)	0	1	NA
A3	bin.ubinned	NODE_479_length_42241_cov_7.702745||full	1	dsDNAphage	41246	3	32.3	0	41246	No	NA	65	15	0	High-quality	High-quality	93.28	AAI-based (medium-confidence)	0	1	NA
B2	bin.085	NODE_1146_length_41278_cov_7.964898||full	0.993	dsDNAphage	41223	7	31.1	1.4	41223	No	NA	75	18	0	High-quality	High-quality	100	AAI-based (high-confidence)	0	1	NA
C2	bin.047	NODE_1462_length_41427_cov_5.531229||full	1	dsDNAphage	41195	3	25.4	1.6	41195	No	NA	63	8	1	High-quality	High-quality	100	AAI-based (high-confidence)	0	1	NA
C1	bin.unbinned	NODE_209_length_41849_cov_6.799230||full	1	dsDNAphage	41157	4	34.3	0	41157	No	NA	70	8	0	High-quality	High-quality	100	AAI-based (high-confidence)	0	1	NA
B1	bin.001	NODE_83_length_41121_cov_7.065918||full	1	dsDNAphage	41066	5	24.1	3.4	41066	No	NA	59	8	0	High-quality	High-quality	97.32	AAI-based (medium-confidence)	0	1	NA
B2	bin.unbinned	NODE_1150_length_41258_cov_18.692765||full	1	dsDNAphage	41048	3	22.2	1.4	41048	No	NA	71	6	1	High-quality	High-quality	100	AAI-based (medium-confidence)	0	1.01	NA
B2	bin.085	NODE_1145_length_41278_cov_10.677874||full	1	dsDNAphage	41015	10	42.1	1.8	41015	No	NA	55	19	0	High-quality	High-quality	90.2	AAI-based (medium-confidence)	0	1.01	NA
C2	bin.unbinned	NODE_1458_length_41455_cov_8.316836||full	1	dsDNAphage	41014	10	42.1	1.8	41014	No	NA	55	19	0	High-quality	High-quality	90.19	AAI-based (medium-confidence)	0	1.01	NA
C2	bin.unbinned	NODE_1496_length_40907_cov_8.175610||full	1	dsDNAphage	40907	3	20.6	0	40907	No	NA	68	7	2	Complete	High-quality	100	DTR (high-confidence)	0	1	NA
B2	bin.unbinned	NODE_1166_length_40878_cov_23.071945||full	0.993	dsDNAphage	40823	3	20.9	0	40823	No	NA	68	7	2	High-quality	High-quality	100	AAI-based (medium-confidence)	0	1	NA
C2	bin.unbinned	NODE_1503_length_40776_cov_8.526264||full	0.98	dsDNAphage	40775	2	12.9	1.4	40775	No	NA	73	4	0	High-quality	High-quality	99.55	AAI-based (high-confidence)	0	1.06	NA
C2	bin.unbinned	NODE_1518_length_40647_cov_8.373226||full	1	dsDNAphage	40645	2	23.3	1.7	40645	No	NA	60	3	0	High-quality	High-quality	95.65	AAI-based (medium-confidence)	0	1	NA
A3	bin.ubinned	NODE_528_length_40680_cov_16.678794||full	1	dsDNAphage	40643	5	30.8	0	40643	No	NA	65	9	2	High-quality	High-quality	99.33	AAI-based (high-confidence)	0	1	NA
A3	bin.ubinned	NODE_523_length_40817_cov_35.238605||full	0.993	dsDNAphage	40618	7	37	0	40618	No	NA	54	10	0	High-quality	High-quality	100	AAI-based (medium-confidence)	0	1	NA
A3	bin.053	NODE_529_length_40658_cov_10.406620||full	1	dsDNAphage	40603	11	36.5	0	40603	No	NA	75	16	0	High-quality	High-quality	97.07	AAI-based (high-confidence)	0	1	NA
A3	bin.ubinned	NODE_531_length_40644_cov_6.426125||full	1	dsDNAphage	40589	4	21.1	2.8	40589	No	NA	73	10	0	High-quality	High-quality	100	AAI-based (medium-confidence)	0	1	NA
B2	bin.unbinned	NODE_1195_length_40525_cov_6.649123||full	1	dsDNAphage	40524	6	34.8	2.9	40524	No	NA	69	16	1	High-quality	High-quality	100	AAI-based (high-confidence)	0	1	NA
B2	bin.113	NODE_1140_length_41342_cov_4.408434||full	1	dsDNAphage	40519	3	14.9	1.4	40519	No	NA	74	6	2	High-quality	High-quality	100	AAI-based (high-confidence)	0	1	NA
C2	bin.unbinned	NODE_1531_length_40463_cov_5.924594||full	0.993	dsDNAphage	40408	5	32.6	2.2	40408	No	NA	47	9	0	High-quality	High-quality	100	AAI-based (medium-confidence)	0	1	NA
C2	bin.unbinned	NODE_1532_length_40452_cov_49.478130||full	1	dsDNAphage	40397	6	36.1	0	40397	No	NA	71	15	0	High-quality	High-quality	100	AAI-based (high-confidence)	0	1	NA
B1	bin.001	NODE_85_length_40297_cov_7.483873||full	1	dsDNAphage	40242	6	36.1	0	40242	No	NA	72	15	0	High-quality	High-quality	100	AAI-based (high-confidence)	0	1	NA
C1	bin.unbinned	NODE_216_length_40297_cov_6.447468||full	1	dsDNAphage	40242	6	36.1	0	40242	No	NA	73	15	0	High-quality	High-quality	100	AAI-based (high-confidence)	0	1	NA
A3	bin.052	NODE_550_length_40236_cov_8.510191||full	0.98	dsDNAphage	40236	2	14.8	0	40236	No	NA	55	4	2	High-quality	High-quality	98.15	AAI-based (high-confidence)	0	1	NA
C2	bin.unbinned	NODE_1549_length_40218_cov_5.930882||full	1	dsDNAphage	40212	4	34.9	1.6	40212	No	NA	62	7	1	High-quality	High-quality	92.04	AAI-based (medium-confidence)	0	1	NA
A1	bin.unbinned	NODE_597_length_40079_cov_5.384969||full	0.993	dsDNAphage	40077	2	18.5	0	40077	No	NA	66	5	2	High-quality	High-quality	96.09	AAI-based (high-confidence)	0	1	NA
A3	bin.ubinned	NODE_557_length_39919_cov_64.317229||full	0.993	dsDNAphage	39917	3	23.9	1.5	39917	No	NA	67	10	2	High-quality	High-quality	97.23	AAI-based (medium-confidence)	0	1	NA
B2	bin.unbinned	NODE_1233_length_39877_cov_5.664984||full	1	dsDNAphage	39873	3	29.6	0	39873	No	NA	72	5	0	High-quality	High-quality	100	AAI-based (high-confidence)	0	1	NA
C2	bin.unbinned	NODE_1572_length_39801_cov_7.703090||full	0.987	dsDNAphage	39801	3	23.1	0	39801	No	NA	65	10	0	High-quality	High-quality	100	AAI-based (high-confidence)	0	1	NA
A1	bin.unbinned	NODE_604_length_39826_cov_12.505142||full	0.993	dsDNAphage	39797	4	20	0	39797	No	NA	57	6	0	High-quality	High-quality	95.7	AAI-based (medium-confidence)	0	1	NA
B2	bin.105	NODE_1234_length_39850_cov_15.345772||full	1	dsDNAphage	39795	4	26.6	0	39795	No	NA	65	10	0	High-quality	High-quality	100	AAI-based (high-confidence)	0	1	NA
A3	bin.ubinned	NODE_572_length_39509_cov_20.076646||full	0.993	dsDNAphage	39508	6	41.1	1.8	39508	No	NA	55	15	0	High-quality	High-quality	100	AAI-based (high-confidence)	0	1.02	NA
B2	bin.unbinned	NODE_1251_length_39562_cov_11.548865||full	0.993	dsDNAphage	39507	3	23.4	0	39507	No	NA	64	10	0	High-quality	High-quality	100	AAI-based (high-confidence)	0	1	NA
A3	bin.ubinned	NODE_569_length_39561_cov_29.249253||full	0.993	dsDNAphage	39506	3	27.1	1.4	39506	No	NA	68	12	0	High-quality	High-quality	100	AAI-based (high-confidence)	0	1	NA
B2	bin.unbinned	NODE_1254_length_39531_cov_9.216081||full	1	dsDNAphage	39476	13	42.4	0	39476	No	NA	67	20	0	High-quality	High-quality	100	AAI-based (medium-confidence)	0	1	NA
C2	bin.unbinned	NODE_1590_length_39471_cov_27.935711||full	1	dsDNAphage	39468	8	59.4	0	39468	No	NA	64	24	0	High-quality	High-quality	100	AAI-based (medium-confidence)	0	1	NA
B2	bin.unbinned	NODE_1265_length_39364_cov_30.551171||full	0.993	dsDNAphage	39364	3	33.3	0	39364	No	NA	51	8	0	High-quality	High-quality	99.65	AAI-based (high-confidence)	0	1	NA
B2	bin.085	NODE_1267_length_39337_cov_6.576931||full	1	dsDNAphage	39282	8	27.5	0	39282	No	NA	70	13	0	High-quality	High-quality	100	AAI-based (high-confidence)	0	1	NA
C2	bin.138	NODE_1599_length_39333_cov_10.500586||full	0.973	dsDNAphage	39204	2	29.6	5.6	39204	No	NA	55	7	2	High-quality	High-quality	100	AAI-based (high-confidence)	0	1	NA
A3	bin.035	NODE_584_length_39178_cov_4.854996||full	0.993	dsDNAphage	39176	6	31.9	0	39176	No	NA	71	11	1	High-quality	High-quality	99.43	AAI-based (medium-confidence)	0	1	NA
C2	bin.unbinned	NODE_1614_length_39130_cov_6.438490||full	0.993	dsDNAphage	39129	5	33.9	1.8	39129	No	NA	56	10	1	High-quality	High-quality	100	AAI-based (medium-confidence)	0	1	NA
A3	bin.053	NODE_585_length_39165_cov_8.151598||full	0.987	dsDNAphage	39110	2	23.3	1.4	39110	No	NA	74	7	0	High-quality	High-quality	100	AAI-based (high-confidence)	0	1	NA
B2	bin.unbinned	NODE_1287_length_39101_cov_18.181068||full	0.973	dsDNAphage	39100	3	20.6	0	39100	No	NA	63	7	0	High-quality	High-quality	100	AAI-based (medium-confidence)	0	1	NA
B2	bin.unbinned	NODE_1273_length_39200_cov_7.967582||full	0.993	dsDNAphage	39064	4	39.3	1.6	39064	No	NA	61	17	0	High-quality	High-quality	93.6	AAI-based (medium-confidence)	0	1.01	NA
A3	bin.ubinned	NODE_592_length_39051_cov_5.460765||full	1	dsDNAphage	39047	4	18.6	5.1	39047	No	NA	59	6	1	High-quality	High-quality	93.09	AAI-based (medium-confidence)	0	1	NA
C2	bin.unbinned	NODE_1620_length_39042_cov_15.000744||full	0.973	dsDNAphage	39040	3	20.6	0	39040	No	NA	63	7	0	High-quality	High-quality	100	AAI-based (medium-confidence)	0	1	NA
B2	bin.unbinned	NODE_1294_length_39035_cov_6.128348||full	1	dsDNAphage	38980	2	30.6	0	38980	No	NA	62	9	0	High-quality	High-quality	96.99	AAI-based (medium-confidence)	0	1	NA
B2	bin.unbinned	NODE_1300_length_39009_cov_14.349720||full	1	dsDNAphage	38954	3	23.9	1.5	38954	No	NA	68	8	1	High-quality	High-quality	98.75	AAI-based (medium-confidence)	0	1	NA
A3	bin.ubinned	NODE_596_length_38928_cov_5.341034||full	0.973	dsDNAphage	38926	7	47.7	2.3	38926	No	NA	44	14	0	High-quality	High-quality	91.15	AAI-based (high-confidence)	0	1	NA
C2	bin.047	NODE_1615_length_39125_cov_6.733402||full	1	dsDNAphage	38892	5	24.5	3.8	38892	No	NA	53	7	0	High-quality	High-quality	92.15	AAI-based (medium-confidence)	0	1	NA
A3	bin.ubinned	NODE_599_length_38733_cov_90.056544||full	1	dsDNAphage	38678	4	33.9	0	38678	No	NA	62	13	0	High-quality	High-quality	100	AAI-based (high-confidence)	0	1	NA
B2	bin.unbinned	NODE_1322_length_38733_cov_6.377527||full	0.987	dsDNAphage	38678	4	20.9	1.5	38678	No	NA	69	11	0	High-quality	High-quality	100	AAI-based (medium-confidence)	0	1	NA
B2	bin.unbinned	NODE_1326_length_38667_cov_22.317103||full	0.993	dsDNAphage	38612	6	25	0	38612	No	NA	64	11	0	High-quality	High-quality	100	AAI-based (high-confidence)	0	1	NA
A3	bin.ubinned	NODE_604_length_38684_cov_6.880245||full	0.987	dsDNAphage	38549	1	20.9	1.5	38549	No	NA	67	7	0	High-quality	High-quality	99.77	AAI-based (medium-confidence)	0	1	NA
A1	bin.009	NODE_652_length_38521_cov_14.268731||full	1	dsDNAphage	38517	1	16.4	0	38517	No	NA	55	7	0	High-quality	High-quality	90.14	AAI-based (high-confidence)	0	1	NA
B2	bin.unbinned	NODE_1341_length_38499_cov_5.475367||full	0.993	dsDNAphage	38499	2	31	1.7	38499	No	NA	57	9	3	High-quality	High-quality	95.08	AAI-based (high-confidence)	0	1	NA
A3	bin.093	NODE_617_length_38378_cov_15.488114||full	0.98	dsDNAphage	38375	2	23	4.9	38375	No	NA	61	8	1	High-quality	High-quality	94.83	AAI-based (medium-confidence)	0	1	NA
C2	bin.unbinned	NODE_1677_length_38418_cov_35.069155||full	1	dsDNAphage	38363	1	20	0	38363	No	NA	47	3	0	High-quality	High-quality	90.62	AAI-based (medium-confidence)	0	1	NA
B2	bin.unbinned	NODE_1338_length_38550_cov_12.030186||full	1	dsDNAphage	38326	1	20	0	38326	No	NA	46	3	0	High-quality	High-quality	90.53	AAI-based (medium-confidence)	0	1	NA
C2	bin.unbinned	NODE_1675_length_38435_cov_8.677827||full	0.993	dsDNAphage	38307	3	25	1.6	38307	No	NA	64	8	1	High-quality	High-quality	97.11	AAI-based (medium-confidence)	0	1	NA
A3	bin.ubinned	NODE_624_length_38290_cov_6.778318||full	0.98	dsDNAphage	38287	3	25	1.7	38287	No	NA	60	8	0	High-quality	High-quality	91.73	AAI-based (medium-confidence)	0	1	NA
B2	bin.032	NODE_1359_length_38164_cov_10.563541||full	0.993	dsDNAphage	38162	5	29.7	3.1	38162	No	NA	64	11	1	High-quality	High-quality	93.48	AAI-based (high-confidence)	0	1	NA
C2	bin.unbinned	NODE_1706_length_38088_cov_18.737754||full	1	dsDNAphage	38036	3	34.6	1.9	38036	No	NA	52	13	1	High-quality	High-quality	99.14	AAI-based (high-confidence)	0	1	NA
A3	bin.ubinned	NODE_631_length_38036_cov_8.406440||full	0.987	dsDNAphage	37947	4	30.2	1.6	37947	No	NA	63	7	3	High-quality	High-quality	93.71	AAI-based (high-confidence)	0	1	NA
B2	bin.unbinned	NODE_1376_length_37882_cov_30.111296||full	1	dsDNAphage	37820	6	36.9	0	37820	No	NA	65	14	0	High-quality	High-quality	94.23	AAI-based (high-confidence)	0	1	NA
C2	bin.unbinned	NODE_1732_length_37761_cov_4.706917||full	1	dsDNAphage	37759	6	26.7	0	37759	No	NA	75	9	0	High-quality	High-quality	100	AAI-based (medium-confidence)	0	1	NA
B2	bin.unbinned	NODE_1392_length_37625_cov_7.715198||full	1	dsDNAphage	37622	1	15.3	0	37622	No	NA	73	1	0	High-quality	High-quality	95.82	AAI-based (medium-confidence)	0	1	NA
B1	bin.unbinned	NODE_90_length_37670_cov_22.742177||full	0.993	dsDNAphage	37615	6	22.4	1.3	37615	No	NA	77	7	1	High-quality	High-quality	90.89	AAI-based (medium-confidence)	0	1	NA
B2	bin.unbinned	NODE_1390_length_37670_cov_82.531384||full	1	dsDNAphage	37615	6	22.7	0	37615	No	NA	76	7	1	High-quality	High-quality	90.89	AAI-based (medium-confidence)	0	1	NA
C1	bin.unbinned	NODE_242_length_37670_cov_18.112269||full	1	dsDNAphage	37615	6	22.7	0	37615	No	NA	77	7	1	High-quality	High-quality	90.9	AAI-based (medium-confidence)	0	1	NA
C2	bin.unbinned	NODE_1747_length_37670_cov_109.260614||full	0.993	dsDNAphage	37615	6	22.4	1.3	37615	No	NA	77	7	1	High-quality	High-quality	90.93	AAI-based (medium-confidence)	0	1	NA
B2	bin.unbinned	NODE_1393_length_37584_cov_6.450318||full	1	dsDNAphage	37529	6	36.5	0	37529	No	NA	75	18	0	High-quality	High-quality	100	AAI-based (medium-confidence)	0	1	NA
A1	bin.unbinned	NODE_685_length_37323_cov_7.048111||full	0.98	dsDNAphage	37321	5	26.2	3.3	37321	No	NA	61	9	0	High-quality	High-quality	96.18	AAI-based (medium-confidence)	0	1	NA
A1	bin.023	NODE_687_length_37262_cov_6.469616||full	1	dsDNAphage	37259	5	32.1	0	37259	No	NA	53	10	0	High-quality	High-quality	99.43	AAI-based (medium-confidence)	0	1	NA
A3	bin.ubinned	NODE_653_length_37263_cov_9.963502||full	1	dsDNAphage	37208	5	28.8	0	37208	No	NA	57	11	1	High-quality	High-quality	96.75	AAI-based (high-confidence)	0	1	NA
B2	bin.unbinned	NODE_1412_length_37277_cov_15.908038||full	1	dsDNAphage	37136	6	27.4	0	37136	No	NA	73	9	0	High-quality	High-quality	98.81	AAI-based (medium-confidence)	0	1	NA
A3	bin.036	NODE_656_length_37117_cov_9.870460||full	1	dsDNAphage	37062	5	27.9	1.5	37062	No	NA	69	9	0	High-quality	High-quality	100	AAI-based (high-confidence)	0	1	NA
B2	bin.076	NODE_1420_length_37058_cov_14.952004||full	0.993	dsDNAphage	37054	4	31.7	1.7	37054	No	NA	60	9	0	High-quality	High-quality	92.87	AAI-based (high-confidence)	0	1	NA
A1	bin.unbinned	NODE_705_length_36745_cov_4.807386||full	1	dsDNAphage	36741	8	37.1	3.2	36741	No	NA	62	14	0	High-quality	High-quality	97.99	AAI-based (high-confidence)	0	1	NA
C2	bin.unbinned	NODE_1808_length_36695_cov_12.330049||full	0.94	dsDNAphage	36510	4	20.7	5.2	36510	No	NA	58	8	0	High-quality	High-quality	96.95	AAI-based (medium-confidence)	0	1	NA
A3	bin.ubinned	NODE_690_length_36403_cov_12.290030||full	1	dsDNAphage	36285	1	9.8	0	36285	No	NA	62	3	0	High-quality	High-quality	100	AAI-based (medium-confidence)	0	1	NA
C2	bin.unbinned	NODE_1856_length_36025_cov_22.211760||full	0.987	dsDNAphage	36022	1	16.7	1.9	36022	No	NA	54	0	1	High-quality	High-quality	98.29	AAI-based (high-confidence)	0	1	no viral genes detected
A3	bin.ubinned	NODE_709_length_35892_cov_8.153835||full	0.993	dsDNAphage	35837	5	19	1.7	35837	No	NA	59	6	1	High-quality	High-quality	96.27	AAI-based (medium-confidence)	0	1	NA
B2	bin.unbinned	NODE_1505_length_35849_cov_11.510505||full	0.987	dsDNAphage	35828	5	33.3	0	35828	No	NA	49	8	1	High-quality	High-quality	96.58	AAI-based (medium-confidence)	0	1	NA
A3	bin.ubinned	NODE_736_length_35283_cov_9.776797||full	1	dsDNAphage	35228	2	24.5	1.9	35228	No	NA	54	6	0	High-quality	High-quality	96.26	AAI-based (high-confidence)	0	1	NA
C2	bin.122	NODE_1997_length_34406_cov_4.632180||full	1	dsDNAphage	34405	4	30.6	1.6	34405	No	NA	62	7	0	High-quality	High-quality	90.83	AAI-based (medium-confidence)	0	1	NA
B2	bin.079	NODE_1618_length_34316_cov_10.762733||full	0.993	dsDNAphage	34261	4	29.5	1.6	34261	No	NA	62	7	0	High-quality	High-quality	90.45	AAI-based (medium-confidence)	0	1	NA
A3	bin.ubinned	NODE_796_length_33900_cov_7.031260||full	0.987	dsDNAphage	33845	8	36.2	3.4	33845	No	NA	59	13	1	High-quality	High-quality	96.5	AAI-based (high-confidence)	0	1	NA
A3	bin.ubinned	NODE_805_length_33794_cov_6.350336||full	0.987	dsDNAphage	33739	6	32.2	1.7	33739	No	NA	59	11	1	High-quality	High-quality	95.75	AAI-based (high-confidence)	0	1	NA
A3	bin.ubinned	NODE_827_length_33196_cov_9.134003||full	1	dsDNAphage	33141	7	44.2	0	33141	No	NA	53	12	1	High-quality	High-quality	94.41	AAI-based (high-confidence)	0	1	NA
C2	bin.unbinned	NODE_2338_length_31044_cov_8.145632||full	1	dsDNAphage	30989	1	14.9	2.1	30989	No	NA	48	1	2	High-quality	High-quality	95.68	AAI-based (medium-confidence)	0	1.01	NA
B2	bin.unbinned	NODE_1929_length_30956_cov_11.701563||full	1	dsDNAphage	30954	1	15.7	2	30954	No	NA	50	1	0	High-quality	High-quality	90.83	AAI-based (medium-confidence)	0	1	NA
A1	bin.unbinned	NODE_1586_length_23686_cov_4.177140||full	0.887	dsDNAphage	23631	0	7.5	2.5	23631	No	NA	42	1	1	High-quality	High-quality	100	HMM-based (lower-bound)	0	1	NA
B1	bin.unbinned	NODE_225_length_22426_cov_6.637835||full	0.987	dsDNAphage	22423	1	13	2.2	22423	No	NA	46	1	2	High-quality	High-quality	100	HMM-based (lower-bound)	0	1	NA
B2	bin.unbinned	NODE_3279_length_22137_cov_9.704556||full	1	dsDNAphage	22082	1	14.6	0	22082	No	NA	42	1	1	High-quality	High-quality	100	HMM-based (lower-bound)	0	1	NA
B2	bin.unbinned	NODE_3379_length_21704_cov_33.688762||full	0.98	dsDNAphage	21649	1	14.3	2.4	21649	No	NA	42	1	2	High-quality	High-quality	100	HMM-based (lower-bound)	0	1	NA
C2	bin.unbinned	NODE_4007_length_21670_cov_13.879436||full	0.987	dsDNAphage	21614	1	14.3	2.4	21614	No	NA	42	1	2	High-quality	High-quality	100	HMM-based (lower-bound)	0	1	NA
B2	bin.074	NODE_3467_length_21359_cov_10.266523||full	0.993	dsDNAphage	21304	1	9.5	0	21304	No	NA	43	1	0	High-quality	High-quality	100	HMM-based (lower-bound)	0	1	NA
C2	bin.unbinned	NODE_4097_length_21359_cov_26.438744||full	0.993	dsDNAphage	21304	1	9.5	0	21304	No	NA	43	1	0	High-quality	High-quality	100	HMM-based (lower-bound)	0	1	NA
A1	bin.031	NODE_2059_length_20546_cov_9.889122||full	1	dsDNAphage	20544	1	10.3	0	20544	No	NA	39	1	0	High-quality	High-quality	100	HMM-based (lower-bound)	0	1	NA
B2	bin.unbinned	NODE_3911_length_19814_cov_9.053849||full	0.953	dsDNAphage	19202	0	14.6	2.4	19202	No	NA	40	2	1	High-quality	High-quality	100	AAI-based (medium-confidence)	0	1	NA
B2	bin.unbinned	NODE_4201_length_18883_cov_60.305343||full	1	dsDNAphage	18544	1	17.6	0	18544	No	NA	34	1	0	High-quality	High-quality	100	AAI-based (medium-confidence)	0	1	NA
B2	bin.unbinned	NODE_4196_length_18897_cov_6.334412||full	1	dsDNAphage	18542	1	23.3	0	18542	No	NA	30	2	0	High-quality	High-quality	100	AAI-based (medium-confidence)	0	1	NA
B2	bin.unbinned	NODE_4234_length_18768_cov_7.609843||full	0.987	dsDNAphage	18454	0	18.4	0	18454	No	NA	38	1	0	High-quality	High-quality	100	AAI-based (medium-confidence)	0	1	NA
C2	bin.unbinned	NODE_4998_length_18658_cov_18.152301||full	0.987	dsDNAphage	18454	0	18.4	0	18454	No	NA	38	1	0	High-quality	High-quality	100	AAI-based (medium-confidence)	0	1	NA
C2	bin.unbinned	NODE_5205_length_18057_cov_9.972392||full	1	dsDNAphage	17686	1	15.2	0	17686	No	NA	26	2	0	High-quality	High-quality	100	AAI-based (medium-confidence)	0	1	NA
B2	bin.unbinned	NODE_4493_length_18022_cov_23.313658||full	1	dsDNAphage	17677	1	15.2	0	17677	No	NA	27	2	0	High-quality	High-quality	100	AAI-based (medium-confidence)	0	1	NA
A1	bin.unbinned	NODE_2666_length_17674_cov_5.890743||full	0.993	dsDNAphage	17499	1	10.5	0	17499	No	NA	38	2	0	High-quality	High-quality	100	AAI-based (medium-confidence)	0	1	NA
B2	bin.074	NODE_4791_length_17307_cov_12.370392||full	1	dsDNAphage	17305	1	17.6	0	17305	No	NA	34	1	1	High-quality	High-quality	100	HMM-based (lower-bound)	0	1	NA
A3	bin.ubinned	NODE_2797_length_17247_cov_5.639716||full	0.96	dsDNAphage	17189	0	18.2	0	17189	No	NA	33	3	0	High-quality	High-quality	100	AAI-based (medium-confidence)	0	1	NA
C2	bin.unbinned	NODE_5668_length_17102_cov_4.415909||full	1	dsDNAphage	17100	1	25	0	17100	No	NA	28	2	0	High-quality	High-quality	100	AAI-based (medium-confidence)	0	1	NA
B2	bin.unbinned	NODE_5146_length_16541_cov_17.977103||full	1	dsDNAphage	16315	2	16.7	0	16315	No	NA	30	2	0	High-quality	High-quality	100	AAI-based (medium-confidence)	0	1	NA
C2	bin.unbinned	NODE_6135_length_16239_cov_8.742091||full	0.967	dsDNAphage	16026	0	14.3	0	16026	No	NA	35	2	0	High-quality	High-quality	100	AAI-based (medium-confidence)	0	1	NA
C2	bin.unbinned	NODE_6143_length_16216_cov_15.097351||full	0.88	dsDNAphage	15979	0	13.3	0	15979	No	NA	30	1	0	High-quality	High-quality	100	AAI-based (medium-confidence)	0	1	NA
B2	bin.unbinned	NODE_5421_length_15947_cov_24.677196||full	0.96	dsDNAphage	15943	0	8	0	15943	No	NA	25	1	0	High-quality	High-quality	100	AAI-based (medium-confidence)	0	1	NA
B2	bin.unbinned	NODE_5271_length_16278_cov_10.097516||full	0.88	dsDNAphage	15913	0	13.3	0	15913	No	NA	30	1	0	High-quality	High-quality	100	AAI-based (medium-confidence)	0	1	NA
C2	bin.unbinned	NODE_7037_length_14784_cov_4.784099||full	0.887	dsDNAphage	14630	0	16	0	14630	No	NA	25	1	1	High-quality	High-quality	100	HMM-based (lower-bound)	0	1	NA
B1	bin.unbinned	NODE_617_length_14170_cov_7.126320||full	0.973	dsDNAphage	14168	1	7.1	0	14168	No	NA	27	1	0	High-quality	High-quality	100	HMM-based (lower-bound)	0	1	NA
A1	bin.unbinned	NODE_3827_length_14252_cov_4.485807||full	1	dsDNAphage	13948	2	20	0	13948	No	NA	25	2	0	High-quality	High-quality	91.18	AAI-based (medium-confidence)	0	1	NA
